archive,pde,seed,session,P_p99_ms,B4_p99_ms,P_over_B4_p99_ratio,P_above_share,B4_above_share,P_p99_above_threshold,B4_p99_above_threshold
primary,burgers,11,1,6.736502,6.8365139999999975,0.9853709068686178,0.11985,0.1093,True,True
primary,burgers,11,2,6.677301999999999,6.760504999999999,0.9876927833053891,0.0716,0.1002,True,True
primary,burgers,11,3,6.636901,6.806201999999999,0.9751254811420527,0.09175,0.10595,True,True
primary,burgers,23,1,6.722105999999999,6.813019999999996,0.9866558442511548,0.12025,0.10815,True,True
primary,burgers,23,2,6.6988069999999995,6.917312999999998,0.9684117228756313,0.1177,0.11115,True,True
primary,burgers,23,3,6.732101999999999,6.7600039999999995,0.9958724876494156,0.09245,0.0951,True,True
primary,burgers,37,1,6.779706999999999,6.800907,0.9968827687248185,0.11345,0.13685,True,True
primary,burgers,37,2,6.739005999999999,6.747204,0.9987849781924482,0.1006,0.108,True,True
primary,burgers,37,3,6.6775,6.828449999999992,0.9778939583653696,0.07835,0.1277,True,True
primary,heat,11,1,10.1684,10.293209,0.9878746268534916,0.09825,0.11255,True,True
primary,heat,11,2,10.092101,10.215504,0.9879200282237666,0.1053,0.10445,True,True
primary,heat,11,3,10.085002000000001,10.281708,0.9808683537793527,0.0943,0.07455,True,True
primary,heat,23,1,10.349806,10.284603999999998,1.006339767676033,0.1105,0.09755,True,True
primary,heat,23,2,10.090718999999996,10.060218999999996,1.0030317431459495,0.08645,0.09385,True,True
primary,heat,23,3,10.069321999999996,10.140902,0.9929414562925464,0.09465,0.09705,True,True
primary,heat,37,1,10.159021999999997,10.175708,0.9983602123803077,0.09065,0.0892,True,True
primary,heat,37,2,10.042821999999996,10.228405,0.9818561153962906,0.0993,0.09745,True,True
primary,heat,37,3,10.100413999999999,10.174311,0.9927369037569227,0.0883,0.0841,True,True
followup,burgers,11,1,14.260814000000005,6.763624000000001,2.1084575369653904,0.2376,0.1488,True,True
followup,burgers,11,2,6.622522,6.724805,0.9847901909423397,0.1238,0.1318,True,True
followup,burgers,11,3,6.615404,6.689301,0.9889529563701797,0.081,0.1034,True,True
followup,burgers,23,1,6.719707,6.642018000000001,1.011696595823739,0.0986,0.12,True,True
followup,burgers,23,2,6.626403000000001,6.703026000000001,0.988568894108422,0.113,0.107,True,True
followup,burgers,23,3,14.295793000000005,14.207815000000004,1.0061922258982117,0.2292,0.2054,True,True
followup,burgers,37,1,14.154363,15.032139000000013,0.9416067134557489,0.207,0.2442,True,True
followup,burgers,37,2,6.661115000000001,6.717705,0.9915759920984921,0.16,0.1328,True,True
followup,burgers,37,3,13.920628,14.555121000000018,0.9564075764124519,0.2118,0.2098,True,True
followup,heat,11,1,9.964402,19.067743,0.5225789963709916,0.103,0.2614,True,True
followup,heat,11,2,9.955406,10.019254,0.9936274696698976,0.096,0.1074,True,True
followup,heat,11,3,10.023686000000001,9.973414,1.0050406009416637,0.1124,0.0736,True,True
followup,heat,23,1,18.903035,18.767909,1.0071998430938685,0.253,0.235,True,True
followup,heat,23,2,9.916302,9.948059000000002,0.996807718973118,0.0662,0.074,True,True
followup,heat,23,3,9.990441,18.765122,0.5323941405763309,0.1108,0.2416,True,True
followup,heat,37,1,9.889187000000002,10.042712,0.9847127947112295,0.0908,0.1102,True,True
followup,heat,37,2,10.024707,10.307235,0.9725893510723292,0.1328,0.0756,True,True
followup,heat,37,3,18.995501,18.816423,1.0095171117273458,0.2536,0.2396,True,True
