pde,population,cell,K,H,feedback_rollout,n,mean_episode_cost,b0_mean_cost,relative_excess_fixed,fixed_ci_low,fixed_ci_high,relative_excess_paired,paired_ci_low,paired_ci_high,mean_tracking_rmse,hold_selection_rate,b0_selection_rate,feedback_rollout_selection_rate,applied_no_change_rate,mean_abs_action_change,scenario_ids_sha256,source_result_sha256,source_b0_sha256,run_commit
burgers,burgers_nominal,K10_H1,10,1,False,128,0.3227034478844262,0.2500989546040939,0.2903030658215467,0.21222587375866508,0.37775054174756095,0.2903030658215467,0.23040689013930474,0.3526479284730134,0.03629346563664389,0.9994140625,0.0005859375,,0.9994140625,3.1885547597254595e-07,fc2bf08e775a384c2dffa9169da4121308ccf0f27c84b7fd555a0f6f056d3aa5,87a4deccdf6fbc901234bca3aa3d655ede8613abee622ce2382fb316e36cabdc,8da6b9937c8d735da9af7dc19cb1183957ff343c90b99297291eb576247a5a16,4ef58a96bcc681c9873490bccd05872db607f735
burgers,burgers_nominal,K10_H4,10,4,False,128,0.3223899558785931,0.2500989546040939,0.28904959394546703,0.21083491791020967,0.37661238854021,0.28904959394546703,0.2286276632805712,0.35155797163267233,0.036270241197249135,0.99671875,0.00328125,,0.99671875,4.206116456811903e-06,fc2bf08e775a384c2dffa9169da4121308ccf0f27c84b7fd555a0f6f056d3aa5,023a9ce7544f72b4563e3fe7d770c7f627bc9f9e5f09415e6278e2fe5da55489,8da6b9937c8d735da9af7dc19cb1183957ff343c90b99297291eb576247a5a16,4ef58a96bcc681c9873490bccd05872db607f735
burgers,burgers_nominal,K10_H8,10,8,False,128,0.3231702119031551,0.2500989546040939,0.29216938317368363,0.2118096074696878,0.3846086214666629,0.29216938317368363,0.23133519998251204,0.3554002304404038,0.036183408544858395,0.990546875,0.0091796875,,0.990546875,4.0283061935681986e-05,fc2bf08e775a384c2dffa9169da4121308ccf0f27c84b7fd555a0f6f056d3aa5,0a84943d2bf27726196a0f1161a51cf320f477be0bdf76a5292698d1528241e2,8da6b9937c8d735da9af7dc19cb1183957ff343c90b99297291eb576247a5a16,8b8808ce3d297ee92375c311e32e5eb454e149be
burgers,burgers_nominal,K10_H16,10,16,False,128,0.325488888332723,0.2500989546040939,0.3014404192451392,0.22586809918174872,0.38172280050952007,0.3014404192451392,0.2424978840144635,0.36101572039547,0.03619611765726245,0.9780078125,0.0205859375,,0.9780078125,0.00018343144900529417,fc2bf08e775a384c2dffa9169da4121308ccf0f27c84b7fd555a0f6f056d3aa5,e7cc67c534cd5b21db59edf19bb8b1360373aa62e8b6a18b3f30162ff6754b50,8da6b9937c8d735da9af7dc19cb1183957ff343c90b99297291eb576247a5a16,4ef58a96bcc681c9873490bccd05872db607f735
burgers,burgers_nominal,K50_H1,50,1,False,128,0.321134825257887,0.2500989546040939,0.28403105789163624,0.21037977552905796,0.3653889937580009,0.28403105789163624,0.22541736758313424,0.3458067464964608,0.036256011960861353,0.0,0.0005859375,,0.999375,1.2954179905244614e-06,fc2bf08e775a384c2dffa9169da4121308ccf0f27c84b7fd555a0f6f056d3aa5,7ad58e353a6c4e64b422ad4b413a402c3881d88c0ad0bd0e0433a0b2ad431b63,8da6b9937c8d735da9af7dc19cb1183957ff343c90b99297291eb576247a5a16,4ef58a96bcc681c9873490bccd05872db607f735
burgers,burgers_nominal,K50_H4,50,4,False,128,0.30078100327986046,0.2500989546040939,0.2026479828993933,0.16147145893182982,0.24730002320607775,0.2026479828993933,0.16959531555006904,0.23866993539185527,0.035318665234022044,0.0,0.0039453125,,0.9933203125,7.844425383099263e-05,fc2bf08e775a384c2dffa9169da4121308ccf0f27c84b7fd555a0f6f056d3aa5,02bed40c72e3954b14e90d6e1f6ec514a15c1b42a99269dfafb59569a3d4beeb,8da6b9937c8d735da9af7dc19cb1183957ff343c90b99297291eb576247a5a16,4ef58a96bcc681c9873490bccd05872db607f735
burgers,burgers_nominal,K50_H8,50,8,False,128,0.2948033434347039,0.2500989546040939,0.1787468040455304,0.14877877865962993,0.2103831832496427,0.1787468040455304,0.1501541566237016,0.21148125523022085,0.03486221922769722,0.0,0.0067578125,,0.9844921875,0.00026478393204895667,fc2bf08e775a384c2dffa9169da4121308ccf0f27c84b7fd555a0f6f056d3aa5,4458064d1b1ab3640883e8d1775430fb6ab87f731161aa9cbad92bee8ab941cd,8da6b9937c8d735da9af7dc19cb1183957ff343c90b99297291eb576247a5a16,4ef58a96bcc681c9873490bccd05872db607f735
burgers,burgers_nominal,K50_H16,50,16,False,128,0.2728250628913188,0.2500989546040939,0.09086846573669342,0.07991020395186918,0.10223005715765623,0.09086846573669342,0.07423403934557252,0.1110565007608761,0.03346282031046271,0.0,0.01234375,,0.96921875,0.0005914385311073114,fc2bf08e775a384c2dffa9169da4121308ccf0f27c84b7fd555a0f6f056d3aa5,ffa285c1576bb2d108d8d44dbf34342235514f75d7468d5877dddb7c9a3f2de2,8da6b9937c8d735da9af7dc19cb1183957ff343c90b99297291eb576247a5a16,4ef58a96bcc681c9873490bccd05872db607f735
burgers,burgers_nominal,K10_H8_FB,10,8,True,128,0.33566856837849074,0.2500989546040939,0.34214302858583845,0.2466505180229557,0.44669883473298766,0.34214302858583845,0.2649915551192919,0.4241343197586308,0.03664808206224762,0.9712109375,0.0020703125,0.0266796875,0.9712109375,0.00015146440500242163,fc2bf08e775a384c2dffa9169da4121308ccf0f27c84b7fd555a0f6f056d3aa5,c92d8e7a8b48f2256c41b26c4b18bb694266cca6802691dc0887332f9c5e99f7,8da6b9937c8d735da9af7dc19cb1183957ff343c90b99297291eb576247a5a16,4ef58a96bcc681c9873490bccd05872db607f735
burgers,burgers_anchor_full384,K10_H8,10,8,False,384,0.3416981652459941,0.2664725139151905,0.2823017287056686,0.2348755371350959,0.33299122067027226,0.2823017287056686,0.2441330437360161,0.32079274782211786,0.03715261206140721,0.9897916666666666,0.010052083333333333,,0.9897916666666666,2.9392228719019736e-05,64a5f45ba543ee075cd42be89db783a81ca5090686f5a4ccba790c35d64a5967,d5718c5462b32b718ef7add3102214800cc16768af166960fe525e367f9d3415,8da6b9937c8d735da9af7dc19cb1183957ff343c90b99297291eb576247a5a16,8b8808ce3d297ee92375c311e32e5eb454e149be
heat,heat_nonnegative_nominal,K10_H1,10,1,False,128,19.088134389644402,7.15760245014703,1.6668335553132456,1.4514796497753377,1.8908604028509923,1.6668335553132456,1.5808802745205617,1.7551492561570707,0.2842607621742585,0.9930078125,0.0,,0.9930078125,0.0003554687288124114,2ee1c3d0bb701e346285ef16422a62caf0303f7df68ad5cc8c261f70bf974e67,aec933d64904fe95362de2c521bfc4ed8e8c78e9443de7a8aa3adbb2450e4626,4c1765f01d2128e7deb9c417e4a50f9770c485759bf27288a8b1601097b4e787,4ef58a96bcc681c9873490bccd05872db607f735
heat,heat_nonnegative_nominal,K10_H4,10,4,False,128,13.898913999597807,7.15760245014703,0.9418393374603111,0.8585177071045811,1.0287462521276718,0.9418393374603111,0.82976552639202,1.0668256593471603,0.24500420947813323,0.98109375,0.0001171875,,0.9847265625,0.0008811039676947985,2ee1c3d0bb701e346285ef16422a62caf0303f7df68ad5cc8c261f70bf974e67,df55c16ac7265e4bf5a18f0f2d51d8d316364ad0af1c367a74ed99a967342cb1,4c1765f01d2128e7deb9c417e4a50f9770c485759bf27288a8b1601097b4e787,4ef58a96bcc681c9873490bccd05872db607f735
heat,heat_nonnegative_nominal,K10_H8,10,8,False,128,9.074213681801133,7.15760245014703,0.26777279752589955,0.24661914635555407,0.2911731230037763,0.26777279752589955,0.22507862363608647,0.31869833893382854,0.1912314015984234,0.9334375,0.0004296875,,0.9483984375,0.0032597487344173713,2ee1c3d0bb701e346285ef16422a62caf0303f7df68ad5cc8c261f70bf974e67,122e7c6c23dab09fad9a0991fd7cf1112ecd76e61f3550fcccda89b71ee7bbfe,4c1765f01d2128e7deb9c417e4a50f9770c485759bf27288a8b1601097b4e787,4ef58a96bcc681c9873490bccd05872db607f735
heat,heat_nonnegative_nominal,K10_H16,10,16,False,128,7.570577624012409,7.15760245014703,0.057697417080896464,0.050497211241923266,0.06486038747490255,0.057697417080896464,0.04628484897084393,0.07138940950877029,0.16486161763938595,0.8876953125,0.011875,,0.9069140625,0.005422438393143238,2ee1c3d0bb701e346285ef16422a62caf0303f7df68ad5cc8c261f70bf974e67,ac0bceefc06efa599aae95705dd9e4b3aa4ce6348c9c21ae3d411807e03f7837,4c1765f01d2128e7deb9c417e4a50f9770c485759bf27288a8b1601097b4e787,4ef58a96bcc681c9873490bccd05872db607f735
heat,heat_nonnegative_nominal,K50_H1,50,1,False,128,25.012587269564303,7.15760245014703,2.4945482714048337,2.274903009252207,2.7201942698782835,2.4945482714048337,2.311333400664172,2.698749636038372,0.3382843943176978,0.0,0.0,,0.957734375,0.0008906249469146133,2ee1c3d0bb701e346285ef16422a62caf0303f7df68ad5cc8c261f70bf974e67,236316bab7d16a5e062f832b4b039b051f694990508be84796d11654a3916179,4c1765f01d2128e7deb9c417e4a50f9770c485759bf27288a8b1601097b4e787,4ef58a96bcc681c9873490bccd05872db607f735
heat,heat_nonnegative_nominal,K50_H4,50,4,False,128,14.37645276859808,7.15760245014703,1.008557036903155,0.9420927659161993,1.0771447002513017,1.008557036903155,0.90140104781403,1.1290597474810355,0.25324964968386643,0.0,0.0,,0.9096875,0.0020071618900692556,2ee1c3d0bb701e346285ef16422a62caf0303f7df68ad5cc8c261f70bf974e67,9363936c72bc41e1dad7ada8dbf128df0b8329a14cd1f35523a843325d511c89,4c1765f01d2128e7deb9c417e4a50f9770c485759bf27288a8b1601097b4e787,4ef58a96bcc681c9873490bccd05872db607f735
heat,heat_nonnegative_nominal,K50_H8,50,8,False,128,9.84341921295098,7.15760245014703,0.37523972328873584,0.35348056710760833,0.39803009502415376,0.37523972328873584,0.32653376293399916,0.43173422512896203,0.20208155556787663,0.0,3.90625e-05,,0.8378515625,0.004377673992858036,2ee1c3d0bb701e346285ef16422a62caf0303f7df68ad5cc8c261f70bf974e67,15a174144067404949e86825e28b816789b8179af46bc791dd53a472986407f2,4c1765f01d2128e7deb9c417e4a50f9770c485759bf27288a8b1601097b4e787,4ef58a96bcc681c9873490bccd05872db607f735
heat,heat_nonnegative_nominal,K50_H16,50,16,False,128,7.911430442872497,7.15760245014703,0.10531850545988089,0.09646998918287175,0.11405946868618917,0.10531850545988089,0.08857583238441387,0.1245741183430812,0.1715896059514016,0.0,0.0001171875,,0.801171875,0.006004410471650771,2ee1c3d0bb701e346285ef16422a62caf0303f7df68ad5cc8c261f70bf974e67,3df2bd574abab3ad719b1f4335173a2bf403fccdda6d8fcbfded1bcd775a8621,4c1765f01d2128e7deb9c417e4a50f9770c485759bf27288a8b1601097b4e787,4ef58a96bcc681c9873490bccd05872db607f735
heat,heat_nonnegative_nominal,K10_H8_FB,10,8,True,128,8.233100251263963,7.15760245014703,0.15025950499595583,0.13749189343349932,0.16318602639178187,0.15025950499595583,0.1291411766341335,0.17326703460346127,0.17612540002989974,0.8953515625,0.00015625,0.0342578125,0.9090625,0.006281601517985109,2ee1c3d0bb701e346285ef16422a62caf0303f7df68ad5cc8c261f70bf974e67,3f29d2d75786283abf661c4058509cf0205832e7aa21e10cfaa7f9a26a5ff2b4,4c1765f01d2128e7deb9c417e4a50f9770c485759bf27288a8b1601097b4e787,4ef58a96bcc681c9873490bccd05872db607f735
