pde,method,seed,K,cache,session,requests,p50_ms,p95_ms,p99_ms,p999_ms,miss_count_5ms,miss_rate_5ms
burgers,B4,37,100,False,1,5000,3.54305,7.624415,7.9737100000000005,8.334844800000008,1592,0.3184
burgers,B4,11,50,False,1,5000,3.29975,6.548625,6.867184000000002,7.161032800000006,388,0.0776
burgers,B4,23,50,True,1,5000,2.671,5.151109999999999,5.376110000000001,5.725534400000007,567,0.1134
heat,P,11,50,False,1,5000,4.9749,10.412514999999999,10.79891,11.4505052,2359,0.4718
burgers,P,23,10,False,1,5000,3.0971,6.435245,6.719707,7.092332900000007,578,0.1156
burgers,P,37,100,True,1,5000,2.8132,5.3547,5.618526000000001,5.9776280000000055,774,0.1548
burgers,P,23,100,False,1,5000,3.41885,6.75662,6.9709140000000005,7.210209200000002,823,0.1646
heat,B4,23,100,False,1,5000,5.100099999999999,10.174320000000002,10.462701,10.979642900000009,3732,0.7464
burgers,P,23,200,True,1,5000,3.14255,5.536435000000001,5.832639000000001,6.470888300000017,672,0.1344
burgers,B4,37,200,True,1,5000,3.2223,6.17157,6.462129000000001,7.865838200000008,1213,0.2426
heat,B4,37,50,True,1,5000,2.8394,5.46436,5.682213,5.984919700000003,773,0.1546
burgers,B4,23,25,True,1,5000,2.60025,5.04753,5.341131000000001,5.673300500000001,358,0.0716
heat,P,11,10,True,1,5000,2.62635,5.107615,5.299203,5.51674740000001,387,0.0774
heat,P,23,200,True,1,5000,3.2935,5.786720000000001,6.086825000000001,6.343869700000014,454,0.0908
burgers,B4,11,10,False,1,5000,3.1224499999999997,6.5613150000000005,6.763624000000001,7.090429300000006,882,0.1764
burgers,P,37,200,True,1,5000,3.1248,5.493105,5.788702000000001,6.08405250000001,660,0.132
heat,P,11,25,True,1,5000,2.7111,5.255375000000001,5.476512,5.665816900000004,670,0.134
heat,P,23,25,False,1,5000,4.7976,9.76682,10.045834000000001,10.337022600000005,964,0.1928
burgers,P,11,200,False,1,5000,3.7529500000000002,7.118110000000001,7.385617000000001,7.616410100000001,682,0.1364
burgers,B4,37,200,False,1,5000,3.7827,7.098104999999999,7.37062,7.622517200000003,576,0.1152
burgers,P,11,50,False,1,5000,3.2437,6.512745000000001,6.73032,7.030024100000005,658,0.1316
burgers,B4,23,10,False,1,5000,3.1275,6.468825,6.642018000000001,6.943421100000004,779,0.1558
burgers,B4,37,25,False,1,5000,3.2102000000000004,6.576575000000001,6.806848000000001,7.059410500000002,618,0.1236
heat,B4,11,10,True,1,5000,2.65735,5.2336,5.445601,5.764502200000001,537,0.1074
burgers,P,37,50,False,1,5000,3.23685,6.536009999999999,6.800211000000001,7.078503100000001,555,0.111
burgers,P,37,10,True,1,5000,2.448,2.6932400000000003,4.851965000000001,5.032909800000001,11,0.0022
heat,P,11,100,False,1,5000,5.0151,9.902619999999999,10.256512,10.560436900000006,2686,0.5372
heat,B4,37,200,True,1,5000,3.3289,4.573060000000019,6.028613,6.4556284000000055,242,0.0484
burgers,P,11,200,True,1,5000,3.12175,3.3991200000000004,5.665621000000001,5.9749053000000005,187,0.0374
heat,B4,11,25,False,1,5000,4.8363,9.87162,10.166845000000002,10.483424700000004,1004,0.2008
burgers,P,11,100,True,1,5000,2.79265,5.11951,5.312105,5.627041000000008,381,0.0762
heat,B4,37,25,True,1,5000,2.76795,5.37872,6.043084000000006,15.708572700000055,643,0.1286
burgers,P,11,25,False,1,5000,3.2331,7.369670000000001,13.735505000000023,15.775806900000022,1068,0.2136
burgers,P,37,200,False,1,5000,3.8427,8.671325000000001,14.699673000000004,16.32996400000001,1273,0.2546
burgers,B4,11,100,True,1,5000,2.8921,5.54947,11.104635000000004,13.36649610000002,750,0.15
heat,P,11,50,True,1,5000,2.8992,11.198020000000001,13.428364000000006,14.88920540000004,1121,0.2242
heat,P,37,100,False,1,5000,5.3196,14.581555,18.994144000000002,20.1590029,4400,0.88
heat,B4,11,200,True,1,5000,3.4878,11.953975,14.073550000000001,15.336719000000004,1453,0.2906
heat,P,23,100,True,1,5000,3.0493,11.487300000000001,13.550626,14.83894850000001,1238,0.2476
burgers,P,23,50,True,1,5000,2.69695,11.054010000000002,12.924902,14.521008900000002,1094,0.2188
heat,P,37,50,False,1,5000,5.1745,14.952670000000007,18.991542,19.85075280000001,3291,0.6582
burgers,P,23,200,False,1,5000,3.9151499999999997,12.573510000000004,15.476391000000001,16.672436700000027,1508,0.3016
heat,B4,11,10,False,1,5000,5.0668500000000005,16.382,19.067743,19.76125960000001,2768,0.5536
heat,P,37,200,False,1,5000,5.7010000000000005,16.479305000000004,19.481295000000003,20.3080043,4947,0.9894
burgers,P,11,10,False,1,5000,3.22425,11.9082,14.260814000000005,15.571329800000006,1414,0.2828
burgers,P,23,10,True,1,5000,2.5659,11.03395,13.059825,14.034134800000007,915,0.183
heat,B4,23,200,True,1,5000,3.42725,11.79099,13.895615000000005,15.0110071,1334,0.2668
heat,B4,11,100,True,1,5000,3.104,11.442855000000002,13.374932000000003,14.433890800000018,1273,0.2546
burgers,B4,11,100,False,1,5000,3.6014,12.242425,14.976274000000002,16.6098074,1372,0.2744
heat,B4,37,25,False,1,5000,5.1044,14.690000000000001,19.050863,20.0602064,2992,0.5984
heat,B4,11,50,True,1,5000,2.92225,11.283815,13.126987000000002,14.661115000000024,1229,0.2458
burgers,P,37,25,False,1,5000,3.32795,12.074750000000002,14.457531,16.1645073,1501,0.3002
burgers,B4,37,10,False,1,5000,3.3310500000000003,12.38992,15.032139000000013,16.337533700000066,1576,0.3152
heat,P,37,25,True,1,5000,2.8203,11.259005,13.255826000000006,14.51330090000004,1301,0.2602
burgers,B4,23,100,False,1,5000,3.625,12.331630000000002,15.227639000000002,16.310484700000018,1460,0.292
burgers,P,37,10,False,1,5000,3.2489,11.887355000000001,14.154363,15.901302800000002,1296,0.2592
burgers,P,23,25,False,1,5000,3.2906500000000003,11.921895000000001,14.531754000000001,16.00155060000001,1276,0.2552
heat,B4,37,100,True,1,5000,3.0971,11.44176,13.428395000000002,14.842227900000006,1309,0.2618
heat,P,11,200,False,1,5000,5.65895,15.588935000000001,19.409861000000003,20.216574700000017,4950,0.99
heat,B4,23,10,False,1,5000,5.00345,14.218785000000004,18.767909,19.626312500000004,2514,0.5028
heat,B4,23,25,False,1,5000,5.1160499999999995,15.281600000000001,18.973197000000003,19.704617300000002,2980,0.596
burgers,P,11,10,True,1,5000,2.51555,10.792905,12.642730000000002,13.882409200000003,673,0.1346
burgers,B4,11,10,True,1,5000,2.57,10.896055,12.929471000000001,14.27695260000001,830,0.166
burgers,P,23,50,False,1,5000,3.3653500000000003,11.97769,14.437381000000004,15.804931100000028,1346,0.2692
heat,P,23,10,True,1,5000,2.7226,11.071240000000001,12.995096000000002,14.614018700000004,1159,0.2318
heat,B4,23,10,True,1,5000,2.7643,11.160655,13.036201000000002,14.32420080000002,1203,0.2406
burgers,B4,23,100,True,1,5000,2.97165,11.457495,13.217454000000005,14.594512800000002,1630,0.326
burgers,B4,11,200,True,1,5000,3.30625,11.928210000000002,13.833497000000001,14.960232400000008,1686,0.3372
burgers,B4,11,25,False,1,5000,3.3179999999999996,11.853905,14.473997000000002,16.233380100000016,1142,0.2284
burgers,B4,37,10,True,1,5000,2.5860000000000003,10.999190000000002,13.073536000000002,14.48234100000003,995,0.199
burgers,P,11,100,False,1,5000,3.5715,12.2236,14.966827,16.468324500000005,1450,0.29
burgers,B4,23,10,True,1,5000,2.57845,11.027025,12.948326,14.089636400000009,922,0.1844
burgers,P,37,25,True,1,5000,2.6088500000000003,10.865540000000001,12.864414,13.905107000000001,838,0.1676
heat,P,11,25,False,1,5000,5.0703,15.331355,18.906554000000007,19.61904330000001,2790,0.558
heat,P,23,10,False,1,5000,4.9958,15.483750000000002,18.903035,19.76860760000002,2486,0.4972
heat,B4,11,200,False,1,5000,5.5071,12.054475000000064,18.47755100000001,20.120931000000006,4932,0.9864
heat,B4,37,10,False,1,5000,4.75695,9.757109999999999,10.042712,10.464120400000004,874,0.1748
burgers,B4,23,200,False,1,5000,3.7955,7.185115000000001,7.417168000000001,7.964381500000016,1002,0.2004
burgers,B4,11,200,False,1,5000,3.7872,6.746775000000001,7.289393000000002,7.58244650000003,292,0.0584
heat,B4,23,25,True,1,5000,2.75475,5.292005,5.475465000000001,5.705732600000007,699,0.1398
burgers,B4,37,100,True,1,5000,2.84145,5.18842,5.532105000000002,5.821704600000001,384,0.0768
burgers,B4,37,50,True,1,5000,2.66465,5.076645,5.2551049999999995,5.5231002,428,0.0856
heat,P,11,10,False,1,5000,4.71735,9.700205,9.964402,10.384333400000006,743,0.1486
heat,B4,23,100,True,1,5000,2.99895,5.523009999999999,5.80332,6.078106400000001,547,0.1094
heat,B4,37,50,False,1,5000,4.9111,9.92446,10.235598000000001,10.646480800000017,1483,0.2966
burgers,B4,23,50,False,1,5000,3.2818,6.566715,6.847616,7.134163000000013,434,0.0868
heat,B4,37,200,False,1,5000,5.4049499999999995,10.356919999999999,10.662861000000001,11.191018900000005,4892,0.9784
heat,P,11,100,True,1,5000,2.94835,5.51992,5.771016,5.988069600000014,485,0.097
burgers,P,37,50,True,1,5000,2.60425,4.87121,5.104091000000002,5.4365023,116,0.0232
heat,P,37,100,True,1,5000,2.9651,5.6558150000000005,5.873530000000001,6.344274400000015,933,0.1866
burgers,B4,11,25,True,1,5000,2.5781,4.890009999999999,5.124215,5.333167300000014,133,0.0266
heat,B4,37,10,True,1,5000,2.6601,4.513235000000006,5.327102,5.602709900000002,209,0.0418
heat,B4,11,25,True,1,5000,2.7375,5.329795000000001,5.672918000000001,5.936006200000001,315,0.063
burgers,B4,23,25,False,1,5000,3.18485,6.171685000000001,6.685135000000001,6.922221900000005,266,0.0532
heat,B4,23,50,True,1,5000,2.8173500000000002,2.9669,5.271944,5.550904700000001,90,0.018
heat,P,23,50,False,1,5000,4.848,5.137935000000001,9.848020000000002,10.411125600000046,774,0.1548
burgers,B4,11,50,True,1,5000,2.6547,4.928450000000001,5.236386000000002,5.644221000000004,179,0.0358
heat,B4,23,50,False,1,5000,4.90065,9.761945,10.125017,10.54154890000001,1384,0.2768
heat,P,23,100,False,1,5000,5.0443999999999996,10.028005,10.269217,10.711610900000004,3057,0.6114
heat,P,23,50,True,1,5000,2.7711,5.115480000000001,5.351012,5.519109400000001,293,0.0586
heat,B4,11,50,False,1,5000,4.9206,9.855710000000002,10.178105,10.7120001,1572,0.3144
heat,P,37,10,True,1,5000,2.614,5.003755000000001,5.239717000000001,5.382922000000005,253,0.0506
burgers,B4,23,200,True,1,5000,3.1687,5.577320000000001,5.970926000000001,6.457729500000006,457,0.0914
heat,P,23,200,False,1,5000,5.36145,10.270954999999999,10.575137000000002,10.981919400000004,4875,0.975
burgers,P,37,100,False,1,5000,3.417,6.642905,6.950362000000003,7.471609000000022,427,0.0854
heat,P,37,25,False,1,5000,4.7819,9.588470000000001,9.951346000000001,10.478502500000001,644,0.1288
burgers,B4,37,25,True,1,5000,2.57805,4.937609999999999,5.1934770000000015,5.5270023,166,0.0332
heat,P,37,50,True,1,5000,2.8078,5.346885,5.581932000000001,6.0088302000000064,729,0.1458
heat,P,23,25,True,1,5000,2.7245,5.206825,5.393212,5.627806300000001,608,0.1216
heat,B4,23,200,False,1,5000,5.40975,10.34211,10.615247000000004,11.089393100000018,4897,0.9794
burgers,P,11,25,True,1,5000,2.5253,4.252185000000004,4.984116,5.231809200000002,45,0.009
heat,P,11,200,True,1,5000,3.2969999999999997,5.944835,6.188333000000001,6.6124642000000335,739,0.1478
heat,P,37,10,False,1,5000,4.6983,9.600415,9.889187000000002,10.305516300000004,622,0.1244
burgers,P,11,50,True,1,5000,2.6023,2.7394049999999996,4.784211000000001,5.113606000000001,23,0.0046
heat,B4,11,100,False,1,5000,5.0840499999999995,10.045665000000001,10.286813,10.648574200000015,3610,0.722
burgers,B4,37,50,False,1,5000,3.27515,6.546615,6.787805,7.081631300000006,454,0.0908
heat,P,37,200,True,1,5000,3.27975,5.853855,6.1446119999999995,6.47589950000002,537,0.1074
burgers,P,23,100,True,1,5000,2.7824,5.1094800000000005,5.404409,5.655033700000007,335,0.067
burgers,P,23,25,True,1,5000,2.52635,4.932415000000001,5.298711000000001,5.448005200000002,188,0.0376
heat,B4,37,100,False,1,5000,5.0976,10.094525,10.356789000000003,10.689552000000011,3680,0.736
heat,B4,37,25,True,2,5000,2.75605,5.34265,5.52345,5.724717300000004,670,0.134
burgers,P,23,200,False,2,5000,3.75035,7.085755000000001,7.30545,7.5804209000000045,1018,0.2036
heat,B4,11,100,True,2,5000,3.0061,5.5973049999999995,5.830183000000002,6.166505700000001,832,0.1664
burgers,B4,23,10,False,2,5000,3.10465,6.467435,6.703026000000001,7.032518300000003,624,0.1248
heat,P,23,10,False,2,5000,4.7012,9.529485000000001,9.916302,10.237726600000006,526,0.1052
heat,P,11,25,False,2,5000,4.80855,9.769625000000001,10.061873000000002,10.512014900000004,1167,0.2334
burgers,P,37,50,True,2,5000,2.6152,5.013325,5.299111000000001,5.490567900000014,271,0.0542
heat,P,37,25,False,2,5000,4.80095,9.788965000000001,10.060603,10.4355019,1045,0.209
burgers,B4,23,10,True,2,5000,2.48455,4.889665,5.071139000000001,5.301418500000004,94,0.0188
heat,P,37,200,True,2,5000,3.2769500000000003,5.7901,6.103543000000001,6.556698500000021,476,0.0952
heat,B4,37,50,True,2,5000,2.8316,5.2775300000000005,5.5666660000000014,5.8549019,365,0.073
heat,P,23,50,True,2,5000,2.78285,5.184915,5.385506,5.549722400000004,360,0.072
burgers,B4,37,50,True,2,5000,2.6733,5.05242,5.269523,5.574806700000001,306,0.0612
burgers,B4,11,50,False,2,5000,3.2946999999999997,6.70203,6.914968000000002,7.292608300000002,906,0.1812
burgers,B4,37,200,True,2,5000,3.18405,5.870410000000001,6.133447000000001,6.6110006,831,0.1662
heat,P,11,100,True,2,5000,2.9545,5.5102,5.773210000000001,6.1832205000000044,734,0.1468
burgers,P,23,10,True,2,5000,2.456,4.875515,5.044517000000001,5.40905280000001,87,0.0174
heat,P,11,100,False,2,5000,5.03895,10.011225000000001,10.288222000000001,10.696221800000004,2968,0.5936
heat,B4,23,100,False,2,5000,5.10595,10.12601,10.389453000000001,10.875613300000003,3700,0.74
heat,P,11,10,True,2,5000,2.6270499999999997,5.08172,5.279506,5.446409400000001,343,0.0686
burgers,B4,37,100,True,2,5000,2.8481,5.3092,5.6345030000000005,5.935533100000007,793,0.1586
burgers,B4,23,200,True,2,5000,3.17615,5.545815,5.943138000000001,6.2167481000000295,461,0.0922
burgers,B4,23,25,True,2,5000,2.58645,4.946280000000001,5.183724000000001,5.4914137000000025,189,0.0378
burgers,B4,37,25,False,2,5000,3.2041500000000003,6.594005,6.7956010000000004,6.992380500000016,653,0.1306
burgers,B4,37,200,False,2,5000,3.77485,7.00777,7.3412440000000005,7.776491400000018,424,0.0848
heat,P,37,100,True,2,5000,2.94745,3.1811049999999996,5.714960000000001,5.985088600000019,210,0.042
burgers,P,37,10,True,2,5000,2.4434,4.725465,5.036910000000001,5.310803500000001,62,0.0124
burgers,P,37,100,False,2,5000,3.4232,6.741715,6.997021,7.457120300000004,1194,0.2388
heat,P,37,10,True,2,5000,2.6358,5.25915,5.487415,5.811354700000011,712,0.1424
burgers,P,37,200,False,2,5000,3.7436499999999997,7.062505,7.318024,7.679439500000008,762,0.1524
burgers,P,11,100,False,2,5000,3.4145000000000003,6.719245,6.979401,7.4288925000000186,793,0.1586
heat,P,23,25,False,2,5000,4.8031500000000005,9.69874,9.963724,10.441513200000003,1000,0.2
heat,B4,23,25,False,2,5000,4.83395,9.720845,10.043575000000002,10.250113300000002,850,0.17
burgers,P,23,25,True,2,5000,2.532,4.837335,5.0490010000000005,5.207254800000012,81,0.0162
burgers,P,23,10,False,2,5000,3.0799,6.387840000000001,6.626403000000001,6.889264200000013,671,0.1342
burgers,P,37,100,True,2,5000,2.78205,5.000070000000001,5.278802000000001,5.542327700000006,250,0.05
heat,P,11,50,False,2,5000,4.90135,9.916965000000001,10.242159000000003,10.762236500000007,1687,0.3374
burgers,B4,23,200,False,2,5000,3.7857,7.11452,7.3367650000000015,7.655116800000004,762,0.1524
heat,P,23,200,False,2,5000,5.3541,10.172885,10.514226,11.012381900000017,4876,0.9752
heat,B4,23,200,False,2,5000,5.4244,10.428665,10.859577000000002,11.515834600000007,4911,0.9822
burgers,B4,23,50,True,2,5000,2.6677,4.903105,5.279607,5.653726000000005,203,0.0406
burgers,P,11,100,True,2,5000,2.7919,5.35367,5.61941,5.841841900000008,545,0.109
heat,P,11,25,True,2,5000,2.7163,5.2120049999999996,5.423419,5.663902200000001,429,0.0858
burgers,B4,23,25,False,2,5000,3.2167000000000003,6.494765,6.770700000000002,7.259613100000003,528,0.1056
burgers,B4,37,10,False,2,5000,3.12385,6.4934,6.717705,6.979323200000005,855,0.171
heat,B4,37,200,False,2,5000,5.42725,10.380425,10.631307999999999,10.926722000000025,4900,0.98
heat,B4,11,100,False,2,5000,5.06825,10.090455,10.458300999999999,11.45624980000001,3437,0.6874
burgers,P,37,50,False,2,5000,3.2526,6.594025,6.868015000000001,7.348813200000002,730,0.146
burgers,P,23,200,True,2,5000,3.12495,5.4839400000000005,5.843210000000001,6.202728500000006,568,0.1136
heat,B4,37,100,False,2,5000,5.10435,10.16772,10.434933000000001,10.758711400000022,3707,0.7414
heat,B4,11,10,False,2,5000,4.7719000000000005,9.74793,10.019254,10.41005070000001,921,0.1842
burgers,P,37,25,False,2,5000,3.1634,4.755870000000021,6.585444000000001,6.873537900000008,248,0.0496
heat,B4,23,10,False,2,5000,4.75675,9.654605,9.948059000000002,10.509082900000017,646,0.1292
burgers,B4,11,10,False,2,5000,3.1239,6.48931,6.724805,6.934822700000005,872,0.1744
burgers,P,23,100,True,2,5000,2.78155,2.92191,5.105604,5.375835600000007,71,0.0142
heat,B4,11,25,True,2,5000,2.7424,2.8959,5.305657000000001,5.779232100000007,96,0.0192
heat,P,11,200,True,2,5000,3.29955,5.991515000000001,6.234202000000001,6.621066000000014,708,0.1416
heat,P,23,200,True,2,5000,3.29915,5.860625,6.216525000000001,6.553215800000004,476,0.0952
burgers,P,11,10,True,2,5000,2.4454,4.894675,5.178004,5.500325300000005,137,0.0274
heat,B4,37,10,False,2,5000,4.7322500000000005,9.802340000000001,10.307235,10.832512100000002,565,0.113
burgers,B4,23,50,False,2,5000,3.28625,6.61688,6.882054000000001,7.390108800000002,445,0.089
burgers,P,37,10,False,2,5000,3.07285,6.465565,6.661115000000001,7.0031548000000114,950,0.19
burgers,P,37,200,True,2,5000,3.1156,3.429770000000001,5.549629,5.749613700000003,223,0.0446
heat,B4,37,25,False,2,5000,4.8607,9.900405,10.182626,10.60209740000002,1217,0.2434
heat,P,23,50,False,2,5000,4.87575,9.845130000000001,10.116802,10.576125100000006,1278,0.2556
heat,P,23,10,True,2,5000,2.6436,5.2658949999999995,5.485601,5.7932031,809,0.1618
burgers,P,23,50,True,2,5000,2.60335,5.0507550000000005,5.398322,5.597625400000005,292,0.0584
heat,B4,23,50,False,2,5000,4.91395,9.845765,10.128332,10.472739600000008,1485,0.297
heat,P,23,100,False,2,5000,5.0507,10.018705,10.304512,10.657566400000015,3114,0.6228
burgers,P,37,25,True,2,5000,2.5435,5.00032,5.2746010000000005,5.449210900000002,252,0.0504
burgers,P,11,50,False,2,5000,3.2376,6.442585,6.780009000000001,7.1234710000000145,340,0.068
heat,B4,23,50,True,2,5000,2.8426,5.5534,5.768122,6.364008900000002,901,0.1802
burgers,P,11,200,False,2,5000,3.7262,7.022705,7.361919,7.687792900000039,418,0.0836
heat,P,23,100,True,2,5000,2.9796,5.540625,5.794707,6.066601500000001,838,0.1676
heat,B4,11,200,True,2,5000,3.75135,6.581555000000001,6.980941000000012,8.028107600000022,1214,0.2428
heat,B4,37,10,True,2,5000,2.6732,5.1522250000000005,5.411467000000002,5.646505,406,0.0812
heat,B4,23,25,True,2,5000,2.7485999999999997,5.3228800000000005,5.595434,5.8378037,584,0.1168
heat,B4,37,200,True,2,5000,3.3476,6.03581,6.510611000000001,7.644705400000001,564,0.1128
burgers,B4,11,25,False,2,5000,3.1900500000000003,6.258530000000001,6.688875000000001,7.0436011,289,0.0578
heat,P,37,100,False,2,5000,5.04275,9.985819999999999,10.267807999999999,10.785961500000012,2992,0.5984
heat,P,37,200,False,2,5000,5.3782499999999995,10.383140000000001,10.68133,11.254632700000007,4895,0.979
heat,B4,11,50,True,2,5000,2.82905,3.4673700000000003,5.569536,6.145519300000004,229,0.0458
heat,B4,37,50,False,2,5000,4.93175,9.959015,10.242049000000002,10.594214700000004,1748,0.3496
heat,P,11,10,False,2,5000,4.7121,9.66231,9.955406,10.306944500000009,718,0.1436
heat,P,11,200,False,2,5000,5.364599999999999,10.33592,10.638234,11.133618900000004,4873,0.9746
burgers,B4,37,50,False,2,5000,3.2875,3.5647450000000003,6.797501000000002,7.031013600000002,180,0.036
burgers,P,23,25,False,2,5000,3.1514,6.308395000000001,6.656605,6.8650247000000055,300,0.06
burgers,P,11,25,False,2,5000,3.1806,6.5791900000000005,6.803027,7.151674800000015,958,0.1916
burgers,B4,23,100,False,2,5000,3.46655,6.851109999999999,7.082628000000001,7.4708357000000065,783,0.1566
heat,P,37,50,False,2,5000,4.8717500000000005,9.812970000000002,10.113308,10.629168100000014,1235,0.247
burgers,P,23,50,False,2,5000,3.2382,6.619120000000001,6.882313,7.1028012,558,0.1116
heat,B4,11,50,False,2,5000,4.9296,9.9688,10.257509,10.917209800000002,1771,0.3542
burgers,B4,11,100,True,2,5000,2.85285,5.360040000000001,5.666902,5.966520700000004,922,0.1844
burgers,B4,11,10,True,2,5000,2.4872,4.8141099999999994,5.023611000000001,5.267931200000007,66,0.0132
heat,B4,23,100,True,2,5000,3.0202,5.72534,5.952637000000001,6.4355927000000595,1175,0.235
burgers,P,11,50,True,2,5000,2.6155,3.795600000000042,5.043308000000001,5.2513018,83,0.0166
burgers,P,23,100,False,2,5000,3.4012,6.68742,6.8892630000000015,7.077804600000001,605,0.121
burgers,P,11,25,True,2,5000,2.5378499999999997,4.752280000000001,5.0157240000000005,5.235923300000005,61,0.0122
burgers,B4,11,200,True,2,5000,3.1664,5.4679150000000005,5.670209000000001,5.946130100000007,357,0.0714
heat,P,37,10,False,2,5000,4.71735,9.742025000000002,10.024707,10.520159400000011,911,0.1822
heat,B4,11,10,True,2,5000,2.6591,5.08877,5.314203,5.5301254000000055,326,0.0652
burgers,P,11,10,False,2,5000,3.0915,6.436025,6.622522,6.897710100000002,817,0.1634
burgers,B4,37,100,False,2,5000,3.4648,6.816315,7.096723000000001,7.405324000000006,713,0.1426
heat,B4,37,100,True,2,5000,3.0031499999999998,5.709455000000001,5.933921000000001,6.314399500000021,887,0.1774
heat,B4,23,200,True,2,5000,3.3682,6.192805000000001,6.56572,7.867373000000015,786,0.1572
heat,P,11,50,True,2,5000,2.8145499999999997,5.42815,5.641217000000001,5.9031247000000056,886,0.1772
burgers,B4,11,25,True,2,5000,2.5877499999999998,5.01663,5.356922000000001,5.614405500000001,267,0.0534
burgers,B4,37,10,True,2,5000,2.4825,4.845325,5.020306,5.307822200000005,62,0.0124
burgers,B4,11,200,False,2,5000,4.2896,7.8709299999999995,8.520981000000003,9.453826000000005,1486,0.2972
burgers,B4,11,100,False,2,5000,3.4487,6.77442,6.985028000000001,7.292131900000006,523,0.1046
heat,P,37,25,True,2,5000,2.7213,5.2098,5.3798,5.620806300000002,590,0.118
heat,B4,11,25,False,2,5000,4.8447499999999994,9.631825000000001,10.048428000000001,10.310913200000003,886,0.1772
burgers,B4,11,50,True,2,5000,2.6544499999999998,5.045425,5.2567200000000005,5.4336052000000015,303,0.0606
heat,P,23,25,True,2,5000,2.7245999999999997,5.290215,5.561407,5.821754000000011,767,0.1534
burgers,P,11,200,True,2,5000,3.12255,5.537335000000001,5.913313,6.208002700000001,498,0.0996
heat,P,37,50,True,2,5000,2.7916499999999997,5.506515,5.761617,6.0654069000000215,689,0.1378
burgers,B4,37,25,True,2,5000,2.5905,4.976920000000001,5.19535,5.5690021000000005,223,0.0446
burgers,B4,23,100,True,2,5000,2.8168,2.986735,5.219615,5.458711800000002,134,0.0268
heat,B4,11,200,False,2,5000,5.4276,10.4197,10.688165000000001,11.019604300000022,4913,0.9826
heat,B4,23,10,True,2,5000,2.6671,5.194,5.370613,5.616644200000009,544,0.1088
burgers,P,23,100,False,3,5000,3.4074,6.656675000000001,6.923204999999999,7.208122900000025,509,0.1018
heat,B4,11,50,False,3,5000,4.93825,9.924205,10.199369,10.640981500000017,1811,0.3622
heat,B4,11,200,False,3,5000,5.43435,10.397065000000001,10.682081000000002,11.1259014,4898,0.9796
heat,B4,37,25,False,3,5000,4.85605,9.67683,10.194426,10.759606000000002,989,0.1978
heat,B4,37,10,True,3,5000,2.6675,5.1548,5.349004,5.6689013,452,0.0904
burgers,P,37,25,True,3,5000,2.5366,2.7662350000000004,5.011213,5.368845000000009,56,0.0112
burgers,B4,37,200,True,3,5000,3.1743,5.603705,5.973334,6.41154940000001,496,0.0992
heat,B4,37,200,False,3,5000,5.4389,10.42703,10.732579000000001,11.220014300000004,4914,0.9828
burgers,B4,23,200,True,3,5000,3.1821,5.739085,6.041828000000001,6.356903500000001,645,0.129
heat,B4,11,25,False,3,5000,4.8451,5.161435,9.880126,10.563059300000013,816,0.1632
burgers,P,37,200,False,3,5000,3.73355,6.879235,7.213423000000001,7.597683000000017,370,0.074
burgers,B4,23,25,False,3,5000,3.2143,6.646125,6.8926039999999995,7.371024100000005,733,0.1466
burgers,P,11,200,False,3,5000,3.72985,7.01816,7.216606,7.419118100000004,703,0.1406
burgers,P,37,200,True,3,5000,3.1369499999999997,5.72022,5.967124000000001,6.802736200000007,583,0.1166
heat,P,23,100,False,3,5000,5.0465,10.011130000000001,10.288622000000002,11.124438200000029,3053,0.6106
heat,P,37,25,True,3,5000,2.7376,5.312805,5.537039000000001,5.813768800000014,898,0.1796
heat,B4,23,50,False,3,5000,4.95535,9.9851,10.223404,10.492418800000003,2017,0.4034
burgers,P,11,100,True,3,5000,2.7956,5.025600000000001,5.312435000000001,5.835804400000001,259,0.0518
heat,P,37,200,True,3,5000,3.29645,5.786325,6.090333000000001,6.445733500000007,455,0.091
burgers,P,23,200,False,3,5000,3.7373,6.94465,7.262426000000001,7.784316400000003,447,0.0894
heat,P,23,100,True,3,5000,2.9561,5.495825,5.755242000000001,6.108703,474,0.0948
heat,P,23,25,False,3,5000,4.7999,9.751535,10.016872000000001,10.341020200000003,976,0.1952
heat,P,11,10,True,3,5000,2.62395,5.127,5.320418000000001,5.529484700000017,467,0.0934
burgers,P,37,10,True,3,5000,2.4548,4.842009999999999,5.028552000000001,5.2409017,64,0.0128
burgers,B4,37,50,False,3,5000,3.2952500000000002,6.67491,6.891003,7.213339600000008,750,0.15
burgers,B4,11,10,True,3,5000,2.48455,4.8546499999999995,5.022248000000001,5.224200199999999,65,0.013
burgers,P,11,10,True,3,5000,2.4525,4.85905,5.141710000000001,5.3728376000000075,108,0.0216
heat,P,11,25,False,3,5000,4.7859,9.691035000000001,9.987314,10.420047600000009,772,0.1544
burgers,P,11,100,False,3,5000,3.413,6.643445,6.962634,7.321272500000015,430,0.086
burgers,B4,37,100,True,3,5000,2.84395,5.324965000000001,5.614812,5.852829200000007,606,0.1212
heat,B4,37,50,True,3,5000,2.8413500000000003,5.5135700000000005,5.744708,6.155421700000004,842,0.1684
heat,P,23,10,True,3,5000,2.6485,5.228140000000001,5.406138000000001,5.755211900000003,860,0.172
burgers,B4,11,10,False,3,5000,3.1211,6.44214,6.689301,6.9498025000000005,679,0.1358
burgers,B4,11,25,False,3,5000,3.19665,6.38913,6.685238000000001,6.973518300000003,334,0.0668
heat,B4,11,200,True,3,5000,3.5923499999999997,6.42965,6.75975900000001,7.878410600000002,949,0.1898
burgers,P,37,50,False,3,5000,3.2342,6.501005,6.719431000000001,7.073804000000001,604,0.1208
burgers,P,23,25,False,3,5000,3.15175,6.404945,6.641639000000001,6.9056098000000015,546,0.1092
heat,P,23,50,False,3,5000,4.86095,9.729315,10.018527,10.449867700000013,1041,0.2082
burgers,P,11,50,True,3,5000,2.6189,5.00761,5.3203450000000005,5.516106200000001,262,0.0524
burgers,B4,37,25,True,3,5000,2.6072,5.196925,5.422629000000001,5.752521300000005,517,0.1034
burgers,B4,11,50,True,3,5000,2.66715,2.8765300000000003,5.140854000000001,5.440733300000006,114,0.0228
burgers,B4,23,200,False,3,5000,3.7915,7.146465,7.417129,7.770453300000011,697,0.1394
burgers,B4,37,200,False,3,5000,3.8053,7.2372499999999995,7.507868000000001,7.969224200000005,786,0.1572
burgers,P,11,200,True,3,5000,3.1309,5.7201450000000005,5.986416,6.357244200000009,625,0.125
heat,P,11,200,False,3,5000,5.3762,10.34512,10.613574000000002,10.939457600000011,4879,0.9758
burgers,P,11,50,False,3,5000,3.251,6.40179,6.778004999999999,7.59469680000004,341,0.0682
burgers,B4,11,100,True,3,5000,2.82835,4.833395000000001,5.310517000000001,5.597402300000001,225,0.045
burgers,P,23,25,True,3,5000,2.5452500000000002,4.981530000000001,5.256272000000001,5.595287900000018,229,0.0458
heat,P,11,50,False,3,5000,4.9095,9.927745,10.1796,10.593813400000002,1733,0.3466
heat,P,23,200,True,3,5000,3.29495,5.92092,6.216603999999999,6.683327200000005,754,0.1508
heat,B4,23,50,True,3,5000,2.83085,5.356225,5.536003999999999,5.749302,618,0.1236
burgers,P,23,50,True,3,5000,2.6132,5.06472,5.257414,5.499513900000003,363,0.0726
heat,P,23,25,True,3,5000,2.71915,5.231990000000001,5.442003000000001,5.665808500000002,693,0.1386
heat,B4,37,100,False,3,5000,5.10185,10.111025000000001,10.369620000000001,10.6250041,3720,0.744
burgers,P,11,10,False,3,5000,3.0743,6.34423,6.615404,6.876827900000006,514,0.1028
burgers,B4,11,200,False,3,5000,3.7827,7.194755000000001,7.446232000000001,7.830527200000005,757,0.1514
heat,P,37,50,True,3,5000,2.7881,2.951815,5.315411000000001,5.5605052000000015,127,0.0254
burgers,P,23,50,False,3,5000,3.22975,3.532210000000001,6.655312,6.900108300000002,208,0.0416
heat,P,37,100,True,3,5000,2.9576,5.4643299999999995,5.6870140000000005,5.928218800000004,530,0.106
heat,B4,37,50,False,3,5000,4.9121500000000005,9.71621,10.110700999999999,10.464706000000001,1512,0.3024
burgers,P,37,100,True,3,5000,2.79335,5.023525,5.372595000000001,5.6852123000000025,263,0.0526
burgers,B4,11,100,False,3,5000,3.4634,6.833425,7.087753000000001,7.457320700000004,761,0.1522
heat,P,23,50,True,3,5000,2.8038,5.427305,5.690624000000001,6.036552000000011,990,0.198
burgers,B4,23,50,True,3,5000,2.66585,5.04073,5.233515000000001,5.457419800000004,303,0.0606
heat,B4,11,10,False,3,5000,4.7621,9.65634,9.973414,10.352948200000009,688,0.1376
burgers,B4,23,25,True,3,5000,2.5886,5.089415000000001,5.332012,5.649714400000003,413,0.0826
heat,B4,23,100,False,3,5000,5.07985,5.678510000000001,10.311472000000004,10.888233100000006,3554,0.7108
heat,B4,11,100,True,3,5000,2.9976,5.235155000000002,5.699107,5.939135800000007,265,0.053
burgers,B4,23,100,False,3,5000,3.4499500000000003,3.7047150000000006,6.943927,7.384633200000007,180,0.036
heat,P,11,200,True,3,5000,3.3315,6.264225,6.672817000000002,7.858625100000026,974,0.1948
burgers,P,11,25,True,3,5000,2.5317499999999997,5.066035,5.57981,6.288498400000081,296,0.0592
burgers,B4,37,100,False,3,5000,3.47005,6.74851,7.027033000000001,7.457267000000014,432,0.0864
heat,P,11,10,False,3,5000,4.72595,9.721625000000001,10.023686000000001,10.542029300000006,829,0.1658
burgers,B4,23,10,True,3,5000,2.4883,4.418515000000001,5.025031000000001,5.354915300000003,60,0.012
heat,P,11,100,False,3,5000,5.0491,9.96731,10.242536000000001,10.727587100000017,3142,0.6284
burgers,B4,23,50,False,3,5000,3.2748,6.4743,6.864135,7.940252900000011,341,0.0682
burgers,P,23,200,True,3,5000,3.12885,5.60363,5.948848000000002,6.572619000000004,673,0.1346
heat,P,11,50,True,3,5000,2.7964,5.03826,5.413711000000001,5.731003800000001,261,0.0522
heat,P,37,200,False,3,5000,5.38455,10.399105,10.723926,11.255428300000005,4893,0.9786
burgers,P,37,50,True,3,5000,2.62115,5.15503,5.393315,5.6498004,399,0.0798
burgers,P,23,10,True,3,5000,2.4537,4.87867,5.150511000000001,5.357325800000005,125,0.025
heat,P,23,10,False,3,5000,4.7366,9.723585,9.990441,10.29194460000001,817,0.1634
heat,B4,37,200,True,3,5000,3.3324,5.414930000000001,6.132406,6.591519400000004,256,0.0512
heat,B4,23,200,True,3,5000,3.3435,5.991960000000001,6.2578770000000015,6.65205080000001,696,0.1392
burgers,P,37,100,False,3,5000,3.4052499999999997,3.784970000000001,6.842862000000002,7.175294200000019,214,0.0428
burgers,P,23,100,True,3,5000,2.7920499999999997,5.03197,5.313239000000001,5.7078036,272,0.0544
heat,P,11,100,True,3,5000,2.9643,5.5221,5.779025000000001,6.192527600000005,648,0.1296
heat,P,37,50,False,3,5000,4.8663,9.664145,10.104732,10.526385300000019,1061,0.2122
heat,P,11,25,True,3,5000,2.72635,5.295845,5.564103,5.798254400000011,697,0.1394
burgers,B4,37,10,True,3,5000,2.50365,4.964915,5.9122980000000025,14.76694120000013,207,0.0414
heat,B4,23,200,False,3,5000,5.7672,15.703225000000002,19.651512,20.368807,4970,0.994
heat,P,37,100,False,3,5000,5.346550000000001,15.745100000000004,19.111543000000008,19.90760230000002,4328,0.8656
heat,P,23,200,False,3,5000,5.7057,15.888505000000006,19.54831800000001,20.40789960000002,4942,0.9884
burgers,B4,37,25,False,3,5000,3.33575,11.92521,14.489220000000008,15.995868600000033,1272,0.2544
heat,B4,11,25,True,3,5000,2.85305,11.260985,13.117089000000009,14.719224100000005,1285,0.257
burgers,B4,11,25,True,3,5000,2.6852,11.035645,13.220677000000004,14.621381900000017,1028,0.2056
heat,B4,37,100,True,3,5000,3.1294,11.591310000000002,13.641243000000005,14.767345100000009,1283,0.2566
burgers,B4,37,10,False,3,5000,3.24995,11.84279,14.555121000000018,16.248729500000007,1216,0.2432
heat,P,37,10,False,3,5000,5.0151,15.94771,18.995501,19.95593720000003,2555,0.511
heat,B4,23,100,True,3,5000,3.1079999999999997,11.60095,13.662789000000009,14.858459000000012,1343,0.2686
heat,B4,11,50,True,3,5000,2.9349499999999997,11.384365,13.406322000000003,14.879126000000005,1409,0.2818
heat,B4,23,10,True,3,5000,2.7657999999999996,11.138235,13.121959000000004,14.628606100000022,1292,0.2584
burgers,P,23,10,False,3,5000,3.2196,11.946880000000004,14.295793000000005,16.14444050000001,1351,0.2702
burgers,B4,37,50,True,3,5000,2.7534,11.136235000000001,13.102227000000001,14.563515800000022,1129,0.2258
heat,P,37,25,False,3,5000,5.0511,14.220659999999999,18.900072,19.82124300000001,2728,0.5456
heat,B4,11,10,True,3,5000,2.74435,11.155970000000002,12.843706000000003,14.228142700000008,1208,0.2416
burgers,B4,23,100,True,3,5000,2.93105,11.344980000000003,13.209930000000002,14.35125440000001,1417,0.2834
heat,B4,23,25,False,3,5000,5.17275,16.291005000000002,19.248315,19.966028200000007,3230,0.646
burgers,P,37,10,False,3,5000,3.2048,11.85725,13.920628,16.077863200000014,1230,0.246
heat,B4,11,100,False,3,5000,5.38795,16.028570000000006,19.290924000000008,20.010718500000003,4599,0.9198
burgers,P,11,25,False,3,5000,3.2936,12.01448,14.469292000000003,15.983240400000009,1417,0.2834
heat,B4,37,25,True,3,5000,2.8204,11.096465,12.553522000000005,14.2289068,968,0.1936
heat,B4,37,10,False,3,5000,5.07435,14.995805000000002,18.816423,19.6688006,2792,0.5584
burgers,B4,23,10,False,3,5000,3.2304000000000004,11.821480000000003,14.207815000000004,16.22875380000001,1173,0.2346
heat,P,37,10,True,3,5000,2.7103,11.014330000000001,13.166814000000006,14.212487000000019,1234,0.2468
burgers,B4,11,200,True,3,5000,3.2944500000000003,11.743495,13.878788000000013,15.163009200000003,1520,0.304
burgers,P,37,25,False,3,5000,3.28795,11.877795,14.532207999999999,16.08773930000001,1322,0.2644
burgers,B4,11,50,False,3,5000,3.40655,11.9936,14.448323000000013,16.125525600000003,1269,0.2538
heat,B4,23,25,True,3,5000,2.84415,11.294165000000001,13.161563000000012,14.619541900000009,1191,0.2382
heat,B4,23,10,False,3,5000,5.03175,14.583745000000002,18.765122,19.6714191,2626,0.5252
