pde,method,K,cache,stage,requests,p50_ms,p99_ms,mean_ms
burgers,B4,10,False,request_preparation,500,0.6224,0.7123229999999999,0.6114232
burgers,B4,10,False,H2D_and_grid,500,0.30115000000000003,0.8734989999999995,0.40629499999999996
burgers,B4,10,False,encoder,500,0.74595,1.8087369999999998,0.9426321999999999
burgers,B4,10,False,branch,500,0.08545,0.199704,0.1007618
burgers,B4,10,False,trunk,500,0.093,0.21972799999999998,0.1156976
burgers,B4,10,False,field_assembly_and_other,500,0.9710500000000001,2.383473,1.2300296
burgers,B4,10,False,scoring_including_goal_transfer,500,0.28425,0.6889299999999999,0.34501840000000006
burgers,B4,10,False,D2H_selected_index_and_forecast,500,0.09895,0.199305,0.11154660000000001
burgers,B4,10,False,projection,500,0.0202,0.026801,0.0205508
burgers,B4,10,False,verification,500,0.0089,0.010601999999999999,0.009176199999999999
burgers,B4,10,True,request_preparation,500,0.62485,0.8684219999999999,0.6255495999999999
burgers,B4,10,True,H2D_and_grid,500,0.321,9.198434,0.8113114
burgers,B4,10,True,encoder,500,0.77475,7.718333999999989,1.1640148000000001
burgers,B4,10,True,branch,500,0.09375,0.4099979999999965,0.1467798
burgers,B4,10,True,trunk,500,0.0,0.0,0.0
burgers,B4,10,True,field_assembly_and_other,500,0.4094499999999999,8.693462,0.6818126
burgers,B4,10,True,scoring_including_goal_transfer,500,0.2981,3.927560999999999,0.4442442
burgers,B4,10,True,D2H_selected_index_and_forecast,500,0.1012,0.2909179999999999,0.123997
burgers,B4,10,True,projection,500,0.0205,0.04461099999999999,0.0222996
burgers,B4,10,True,verification,500,0.009,0.01963199999999997,0.010180600000000001
burgers,B4,200,False,request_preparation,500,1.2803499999999999,1.368767,1.2669865999999999
burgers,B4,200,False,H2D_and_grid,500,0.30065,0.8926189999999998,0.347005
burgers,B4,200,False,encoder,500,0.74825,1.7652,0.8300036
burgers,B4,200,False,branch,500,0.1058,0.232615,0.11409780000000001
burgers,B4,200,False,trunk,500,0.0869,0.22893699999999995,0.0995954
burgers,B4,200,False,field_assembly_and_other,500,0.9392500000000001,2.329508999999999,1.0570808
burgers,B4,200,False,scoring_including_goal_transfer,500,0.2746,0.630124,0.3054418
burgers,B4,200,False,D2H_selected_index_and_forecast,500,0.0888,0.195806,0.0989498
burgers,B4,200,False,projection,500,0.02,0.027101999999999998,0.020297200000000005
burgers,B4,200,False,verification,500,0.0089,0.014403999999999997,0.0090686
burgers,B4,200,True,request_preparation,500,1.2873,1.5865039999999995,1.2951652
burgers,B4,200,True,H2D_and_grid,500,0.32775,9.254363999999999,1.0263647999999999
burgers,B4,200,True,encoder,500,0.7904,7.748813999999995,1.1956734
burgers,B4,200,True,branch,500,0.1151,0.5543299999999993,0.1580836
burgers,B4,200,True,trunk,500,0.0,0.0,0.0
burgers,B4,200,True,field_assembly_and_other,500,0.39774999999999994,3.6447299999999907,0.5895277999999999
burgers,B4,200,True,scoring_including_goal_transfer,500,0.30784999999999996,2.2965359999999975,0.44657160000000007
burgers,B4,200,True,D2H_selected_index_and_forecast,500,0.1008,0.24248099999999984,0.123993
burgers,B4,200,True,projection,500,0.0205,0.04171199999999999,0.022489200000000004
burgers,B4,200,True,verification,500,0.009,0.016200999999999997,0.009584800000000001
burgers,P,10,False,request_preparation,500,0.6294,0.9146479999999999,0.6310596
burgers,P,10,False,H2D_and_grid,500,0.31445,8.745735999999999,0.6895635999999999
burgers,P,10,False,encoder,500,0.7758499999999999,8.897629,1.1113285999999998
burgers,P,10,False,branch,500,0.0746,0.3258709999999815,0.1198574
burgers,P,10,False,trunk,500,0.09605,0.36649499999999063,0.1411012
burgers,P,10,False,field_assembly_and_other,500,0.96475,9.602071,1.4945538
burgers,P,10,False,scoring_including_goal_transfer,500,0.29469999999999996,6.116455999999996,0.5009232
burgers,P,10,False,D2H_selected_index_and_forecast,500,0.10145000000000001,0.2277669999999991,0.12028799999999998
burgers,P,10,False,projection,500,0.0206,0.04541399999999999,0.0228276
burgers,P,10,False,verification,500,0.0091,0.018004999999999993,0.010173999999999999
burgers,P,10,True,request_preparation,500,0.62405,0.8599909999999998,0.6214288
burgers,P,10,True,H2D_and_grid,500,0.31195,8.944439,0.7526769999999999
burgers,P,10,True,encoder,500,0.76425,8.881108999999999,1.048044
burgers,P,10,True,branch,500,0.09145,0.33524799999999977,0.13138
burgers,P,10,True,trunk,500,0.0,0.0,0.0
burgers,P,10,True,field_assembly_and_other,500,0.3607499999999999,2.8087789999999884,0.48831220000000003
burgers,P,10,True,scoring_including_goal_transfer,500,0.2851,1.0533309999999514,0.41689459999999995
burgers,P,10,True,D2H_selected_index_and_forecast,500,0.09745000000000001,0.32898699999999936,0.11463580000000001
burgers,P,10,True,projection,500,0.0203,0.042504,0.021922600000000004
burgers,P,10,True,verification,500,0.009,0.016602,0.0094832
burgers,P,200,False,request_preparation,500,1.28465,1.3616339999999998,1.270698
burgers,P,200,False,H2D_and_grid,500,0.29905,0.372027,0.3033464
burgers,P,200,False,encoder,500,0.73565,0.860308,0.7413844
burgers,P,200,False,branch,500,0.0677,0.11741099999999999,0.0763106
burgers,P,200,False,trunk,500,0.091,0.13863299999999998,0.0954942
burgers,P,200,False,field_assembly_and_other,500,0.9159499999999999,1.123109,0.9291312
burgers,P,200,False,scoring_including_goal_transfer,500,0.26775,0.355124,0.27438260000000003
burgers,P,200,False,D2H_selected_index_and_forecast,500,0.08990000000000001,0.130734,0.0934194
burgers,P,200,False,projection,500,0.0199,0.02551099999999999,0.0201344
burgers,P,200,False,verification,500,0.0089,0.010001,0.008958599999999999
burgers,P,200,True,request_preparation,500,1.2735500000000002,1.350324,1.2557878
burgers,P,200,True,H2D_and_grid,500,0.3,0.860811,0.3332486
burgers,P,200,True,encoder,500,0.7371,1.773847,0.7947215999999999
burgers,P,200,True,branch,500,0.08585,0.17901099999999998,0.09124260000000001
burgers,P,200,True,trunk,500,0.0,0.0,0.0
burgers,P,200,True,field_assembly_and_other,500,0.358,0.775936,0.37909980000000004
burgers,P,200,True,scoring_including_goal_transfer,500,0.26845,0.6331379999999999,0.295864
burgers,P,200,True,D2H_selected_index_and_forecast,500,0.0896,0.19352299999999997,0.0972142
burgers,P,200,True,projection,500,0.0198,0.024613999999999987,0.020028600000000004
burgers,P,200,True,verification,500,0.0088,0.015406999999999994,0.0090334
heat,B4,10,False,request_preparation,500,0.69015,0.981547,0.6964874
heat,B4,10,False,H2D_and_grid,500,0.3369,9.091756,0.7833534
heat,B4,10,False,encoder,500,0.7918000000000001,9.068658,1.2165724
heat,B4,10,False,branch,500,0.08574999999999999,2.485457,0.18063920000000003
heat,B4,10,False,trunk,500,0.09534999999999999,0.40820199999999834,0.1386968
heat,B4,10,False,field_assembly_and_other,500,2.56065,14.030413000000001,3.6640804000000005
heat,B4,10,False,scoring_including_goal_transfer,500,0.36260000000000003,6.4127139999999905,0.5562959999999999
heat,B4,10,False,D2H_selected_index_and_forecast,500,0.10185,0.2876079999999998,0.12196459999999999
heat,B4,10,False,projection,500,0.01895,0.0421,0.021312800000000003
heat,B4,10,False,verification,500,0.0093,0.018003999999999996,0.0106014
heat,B4,10,True,request_preparation,500,0.66785,0.7231019999999999,0.6501490000000001
heat,B4,10,True,H2D_and_grid,500,0.2934,0.8597029999999999,0.3159582
heat,B4,10,True,encoder,500,0.7339,1.685905,0.7641306
heat,B4,10,True,branch,500,0.08174999999999999,0.1643,0.08991080000000001
heat,B4,10,True,trunk,500,0.0,0.0,0.0
heat,B4,10,True,field_assembly_and_other,500,0.4188499999999999,0.9102220000000001,0.43430719999999995
heat,B4,10,True,scoring_including_goal_transfer,500,0.33095,0.7352069999999999,0.3463154
heat,B4,10,True,D2H_selected_index_and_forecast,500,0.09129999999999999,0.17201399999999997,0.0961394
heat,B4,10,True,projection,500,0.0176,0.02261999999999998,0.017781599999999998
heat,B4,10,True,verification,500,0.0088,0.010101999999999998,0.008803
heat,B4,200,False,request_preparation,500,1.3262,1.385363,1.3096733999999999
heat,B4,200,False,H2D_and_grid,500,0.3124,0.9080090000000001,0.3647408
heat,B4,200,False,encoder,500,0.7388,1.7448239999999995,0.8306802
heat,B4,200,False,branch,500,0.1053,0.22871799999999998,0.11383179999999998
heat,B4,200,False,trunk,500,0.08815,0.20198499999999991,0.1023052
heat,B4,200,False,field_assembly_and_other,500,2.4287,5.432373999999999,2.6917524000000004
heat,B4,200,False,scoring_including_goal_transfer,500,0.3265,0.7437809999999999,0.3659858
heat,B4,200,False,D2H_selected_index_and_forecast,500,0.08865,0.175809,0.0983584
heat,B4,200,False,projection,500,0.0178,0.02232299999999998,0.018171600000000003
heat,B4,200,False,verification,500,0.0089,0.010201,0.008942199999999999
heat,B4,200,True,request_preparation,500,1.3296999999999999,1.717585,1.3365888
heat,B4,200,True,H2D_and_grid,500,0.3322,8.778438,0.8841924
heat,B4,200,True,encoder,500,0.7725,3.2341309999999766,0.9621584000000001
heat,B4,200,True,branch,500,0.1088,0.43865699999999636,0.15166879999999996
heat,B4,200,True,trunk,500,0.0,0.0,0.0
heat,B4,200,True,field_assembly_and_other,500,0.4275499999999999,4.321242999999984,0.592
heat,B4,200,True,scoring_including_goal_transfer,500,0.341,4.9639679999999995,0.5118188
heat,B4,200,True,D2H_selected_index_and_forecast,500,0.09345,0.32888799999998836,0.1199858
heat,B4,200,True,projection,500,0.01795,0.03171099999999999,0.0192164
heat,B4,200,True,verification,500,0.009,0.016501,0.009618400000000001
heat,P,10,False,request_preparation,500,0.67985,0.7364160000000001,0.6642923999999999
heat,P,10,False,H2D_and_grid,500,0.3154,0.901139,0.41275779999999995
heat,P,10,False,encoder,500,0.7529,1.803575,0.9281112
heat,P,10,False,branch,500,0.07245,0.17644099999999996,0.08917679999999999
heat,P,10,False,trunk,500,0.0909,0.21832299999999996,0.1127158
heat,P,10,False,field_assembly_and_other,500,2.4307,5.483256999999999,2.9552263999999995
heat,P,10,False,scoring_including_goal_transfer,500,0.34115,0.7924829999999999,0.4110014
heat,P,10,False,D2H_selected_index_and_forecast,500,0.09925,0.178111,0.1091304
heat,P,10,False,projection,500,0.0183,0.024900999999999996,0.0187178
heat,P,10,False,verification,500,0.0089,0.012701999999999998,0.009063600000000002
heat,P,10,True,request_preparation,500,0.6744,0.737204,0.660226
heat,P,10,True,H2D_and_grid,500,0.3073,0.940561,0.43045020000000006
heat,P,10,True,encoder,500,0.75115,1.801359,0.9656096
heat,P,10,True,branch,500,0.0923,0.20834899999999987,0.1066586
heat,P,10,True,trunk,500,0.0,0.0,0.0
heat,P,10,True,field_assembly_and_other,500,0.38585,0.9147,0.4901962
heat,P,10,True,scoring_including_goal_transfer,500,0.3439,0.8053219999999999,0.42642640000000004
heat,P,10,True,D2H_selected_index_and_forecast,500,0.1007,0.200309,0.1128712
heat,P,10,True,projection,500,0.0179,0.024602,0.018383
heat,P,10,True,verification,500,0.0088,0.010601,0.0088866
heat,P,200,False,request_preparation,500,1.3476,1.6848260000000002,1.3548862
heat,P,200,False,H2D_and_grid,500,0.33455,8.763036,0.9636158
heat,P,200,False,encoder,500,0.7772,2.553662999999973,1.031942
heat,P,200,False,branch,500,0.0741,0.23934399999999958,0.0952998
heat,P,200,False,trunk,500,0.0949,0.2852709999999991,0.15540199999999998
heat,P,200,False,field_assembly_and_other,500,2.5219500000000004,13.915509,3.7323714
heat,P,200,False,scoring_including_goal_transfer,500,0.35375,5.1072289999999985,0.5222787999999999
heat,P,200,False,D2H_selected_index_and_forecast,500,0.09875,0.3514369999999952,0.12417220000000001
heat,P,200,False,projection,500,0.0186,0.034508,0.020370600000000003
heat,P,200,False,verification,500,0.0093,0.018001999999999997,0.0104712
heat,P,200,True,request_preparation,500,1.3226,1.4027290000000001,1.3022402000000002
heat,P,200,True,H2D_and_grid,500,0.3139,0.4409229999999999,0.3218716
heat,P,200,True,encoder,500,0.7341,0.856625,0.7408582
heat,P,200,True,branch,500,0.08465,0.12963999999999995,0.0880258
heat,P,200,True,trunk,500,0.0,0.0,0.0
heat,P,200,True,field_assembly_and_other,500,0.38810000000000006,0.49235500000000004,0.39457280000000006
heat,P,200,True,scoring_including_goal_transfer,500,0.33125,0.4221589999999999,0.338192
heat,P,200,True,D2H_selected_index_and_forecast,500,0.0924,0.15411399999999997,0.09505699999999999
heat,P,200,True,projection,500,0.0176,0.023003999999999997,0.0177676
heat,P,200,True,verification,500,0.0086,0.01001099999999999,0.0086942
