role,method,seed,parents,cost,tracking,action,slew,violation,first_step_violation_cost,violation_fraction_of_cost,max_reconstruction_error
locked_coefficient_ood,B0,,128,2.8719022776790117,1.643103687146835,1.2148694627592342,0.01392913120377836,0.0,0.0,0.0,1.3798878928383829e-08
locked_coefficient_ood,B1,,128,4.44879734894226,3.7294055549094374,0.7170419504435267,0.0023498466305554412,0.0,0.0,0.0,4.291720401283783e-08
locked_coefficient_ood,B2,11,128,7.498423356267521,7.0656351356188685,0.4313590851744812,0.0014291353590079041,0.0,0.0,0.0,5.853591389382018e-09
locked_coefficient_ood,B2,23,128,7.830160800158406,7.419607307712601,0.40913951866517895,0.0014139738429070896,0.0,0.0,0.0,6.15468387366036e-09
locked_coefficient_ood,B2,37,128,7.724164980292622,7.3074692695062335,0.41531088636140334,0.0013848245001348704,0.0,0.0,0.0,6.1296443476521745e-09
locked_coefficient_ood,B3,11,128,7.096143746767112,6.635236792493556,0.4591926469601458,0.0017143072946820752,0.0,0.0,0.0,7.006750735172318e-09
locked_coefficient_ood,B3,23,128,7.650553664412799,7.229713234984965,0.41922423053230884,0.0016161989093416917,0.0,0.0,0.0,6.366962068682369e-09
locked_coefficient_ood,B3,37,128,8.714372762296192,8.35967323969389,0.35325442301436855,0.0014450995848611895,0.0,0.0,0.0,5.781782164149263e-09
locked_coefficient_ood,B4,11,128,4.607335941346538,3.8893189733384266,0.7161217717325781,0.001895201719279527,0.0,0.0,0.0,4.2583420345465584e-08
locked_coefficient_ood,B4,23,128,4.668908968896057,3.955403579974897,0.7117390979733318,0.0017662969957704447,0.0,0.0,0.0,4.249997420657792e-08
locked_coefficient_ood,B4,37,128,4.640609836383318,3.926967866866743,0.7117936482722871,0.00184832672287385,0.0,0.0,0.0,4.249997420657792e-08
locked_coefficient_ood,B5,11,128,4.586138783382099,3.864540569161397,0.7196483304572758,0.0019498892209675492,0.0,0.0,0.0,4.249997420657792e-08
locked_coefficient_ood,B5,23,128,4.579618986765786,3.857580147169669,0.7200967685319484,0.0019420767218697678,0.0,0.0,0.0,4.2583420345465584e-08
locked_coefficient_ood,B5,37,128,4.617439270953572,3.8998574610701198,0.7156866138859186,0.001895201725464091,0.0,0.0,0.0,4.2583420345465584e-08
locked_coefficient_ood,P-no-rank,11,128,4.484165621159488,3.7533955350261206,0.728484264529543,0.0022858268113203906,0.0,0.0,0.0,4.260427566293856e-08
locked_coefficient_ood,P-no-rank,23,128,4.465136018060402,3.731849522303878,0.7310358305368573,0.002250670566471769,0.0,0.0,0.0,4.291720046012415e-08
locked_coefficient_ood,P-no-rank,37,128,4.589588583279129,3.870509901806087,0.7170155161910226,0.0020631705182758255,0.0,0.0,0.0,4.249997420657792e-08
locked_coefficient_ood,P,11,128,4.5862822316600536,3.8647168299382337,0.7196155179466588,0.0019498892209675492,0.0,0.0,0.0,4.249997420657792e-08
locked_coefficient_ood,P,23,128,4.579642072197518,3.8576087013512144,0.7200912997801788,0.0019420767218697678,0.0,0.0,0.0,4.2583420345465584e-08
locked_coefficient_ood,P,37,128,4.617439270953572,3.8998574610701198,0.7156866138859186,0.001895201725464091,0.0,0.0,0.0,4.2583420345465584e-08
locked_delay_dropout,B0,,128,7.069460753995969,5.447737426358806,1.6076866991684073,0.014036632365490265,0.0,0.0,0.0,1.5213434068073184e-08
locked_delay_dropout,B1,,128,8.574835461219184,7.451419700323125,1.117106341100298,0.006309420255596266,0.0,0.0,0.0,3.760903410920946e-08
locked_delay_dropout,B2,11,128,12.134359301262814,11.293380204233415,0.8371347642497858,0.0038443327230343813,0.0,0.0,0.0,6.416287945398835e-09
locked_delay_dropout,B2,23,128,12.37332838316425,11.550137425876898,0.8193044780805939,0.003886479163452523,0.0,0.0,0.0,8.232859727286268e-09
locked_delay_dropout,B2,37,128,12.378891009406416,11.55776034027618,0.817335895994911,0.003794772974234066,0.0,0.0,0.0,7.46126715966966e-09
locked_delay_dropout,B3,11,128,12.404851704892799,11.582327237624078,0.8183435353724053,0.004180932077116034,0.0,0.0,0.0,7.594842088565201e-09
locked_delay_dropout,B3,23,128,12.62928032854455,11.819829222333277,0.8052825584128731,0.004168547778071623,0.0,0.0,0.0,8.817309549158381e-09
locked_delay_dropout,B3,37,128,12.374281462523644,11.557237527224904,0.8130783788429108,0.0039655560311641965,0.0,0.0,0.0,7.933863344078418e-09
locked_delay_dropout,B4,11,128,8.910510460675567,7.812369205566395,1.0928473094396758,0.0052939491334941914,0.0,0.0,0.0,4.0918954447022315e-08
locked_delay_dropout,B4,23,128,8.93315345345545,7.834878212264147,1.0930828459898474,0.005192399332338749,0.0,0.0,0.0,4.063285707900377e-08
locked_delay_dropout,B4,37,128,8.908119446568111,7.809631709971395,1.0931820595043245,0.005305680592175843,0.0,0.0,0.0,4.0918954447022315e-08
locked_delay_dropout,B5,11,128,8.858472700867834,7.755716179964565,1.0972906811768188,0.005465843254022063,0.0,0.0,0.0,4.075206661013908e-08
locked_delay_dropout,B5,23,128,8.829262449808752,7.723069220343274,1.1006922350625974,0.005500997911707262,0.0,0.0,0.0,4.0918954447022315e-08
locked_delay_dropout,B5,37,128,8.831484761645182,7.725503685750374,1.1004918179311791,0.005489261581471094,0.0,0.0,0.0,4.0918954447022315e-08
locked_delay_dropout,P-no-rank,11,128,8.918085790260005,7.8184185247610865,1.0943498686095698,0.005317399290254609,0.0,0.0,0.0,4.1062008016012896e-08
locked_delay_dropout,P-no-rank,23,128,8.877398193444327,7.774052171063618,1.0979817514983006,0.005364274295755234,0.0,0.0,0.0,4.0918954447022315e-08
locked_delay_dropout,P-no-rank,37,128,8.920018948371135,7.820637766505944,1.0940989417314997,0.005282243034128254,0.0,0.0,0.0,4.0918954447022315e-08
locked_delay_dropout,P,11,128,8.858402300169878,7.755634060512883,1.0973023999342695,0.005465843254022063,0.0,0.0,0.0,4.075206661013908e-08
locked_delay_dropout,P,23,128,8.829262449808752,7.723069220343274,1.1006922350625974,0.005500997911707262,0.0,0.0,0.0,4.0918954447022315e-08
locked_delay_dropout,P,37,128,8.831484761645182,7.725503685750374,1.1004918179311791,0.005489261581471094,0.0,0.0,0.0,4.0918954447022315e-08
locked_nominal,B0,,384,7.242663883638749,5.638780260223672,1.5847474680152198,0.01913615968084569,0.0,0.0,0.0,2.4082930316637885e-08
locked_nominal,B1,,384,9.11876818134811,8.056694026416405,1.0553916254789897,0.006682529129608584,0.0,0.0,0.0,5.4001063176656317e-08
locked_nominal,B2,11,384,11.99371191051658,11.161248006247087,0.82882730789827,0.0036365964403708936,0.0,0.0,0.0,9.481842866421175e-09
locked_nominal,B2,23,384,12.229818387559598,11.41480955932041,0.8113353354717402,0.003673492954282363,0.0,0.0,0.0,8.772157222836086e-09
locked_nominal,B2,37,384,12.24030917938155,11.427712942192942,0.8090088773315559,0.00358735983542412,0.0,0.0,0.0,9.764708153170432e-09
locked_nominal,B3,11,384,12.297556062528715,11.486246439674417,0.8073848138330747,0.003924808859672253,0.0,0.0,0.0,8.722922828496849e-09
locked_nominal,B3,23,384,12.495720030827316,11.696341031009894,0.7954849215251549,0.0038940784491931593,0.0,0.0,0.0,8.31113666777128e-09
locked_nominal,B3,37,384,12.294510252223894,11.48920265940628,0.80159304703222,0.0037145456744249513,0.0,0.0,0.0,1.2470838584022204e-08
locked_nominal,B4,11,384,9.324958108050451,8.273461889410118,1.0456880404821882,0.0058081782337757295,0.0,0.0,0.0,4.9284498260249165e-08
locked_nominal,B4,23,384,9.342529920624237,8.290369446869994,1.046459721373506,0.0057007525279981625,0.0,0.0,0.0,6.43834638935914e-08
locked_nominal,B4,37,384,9.311989849892418,8.259027960223209,1.0471220754079513,0.005839814625055266,0.0,0.0,0.0,4.957059118737561e-08
locked_nominal,B5,11,384,9.242452752885844,8.183696823997826,1.0527196096844638,0.006036320315170156,0.0,0.0,0.0,4.5946608295821534e-08
locked_nominal,B5,23,384,9.225442923344096,8.164048608203823,1.0553664772795612,0.006027838979584958,0.0,0.0,0.0,4.499853467621051e-08
locked_nominal,B5,37,384,9.22576194051453,8.164543630853219,1.055180484050658,0.0060378265774674545,0.0,0.0,0.0,4.589893443096571e-08
locked_nominal,P-no-rank,11,384,9.270604154226719,8.211797500845785,1.0528296159434778,0.005977038445948687,0.0,0.0,0.0,4.7758625498772744e-08
locked_nominal,P-no-rank,23,384,9.25202846244593,8.191054163451495,1.055030029182708,0.005944270410180124,0.0,0.0,0.0,4.730673097697036e-08
locked_nominal,P-no-rank,37,384,9.284126113835297,8.226466593485313,1.0517643286741076,0.005895192464939407,0.0,0.0,0.0,4.8306972644240886e-08
locked_nominal,P,11,384,9.242363396525827,8.183602347127279,1.0527248105957188,0.006036239909835855,0.0,0.0,0.0,4.5946608295821534e-08
locked_nominal,P,23,384,9.225465765685547,8.164074835962316,1.0553630918630188,0.006027838979584958,0.0,0.0,0.0,4.499853467621051e-08
locked_nominal,P,37,384,9.225791328542437,8.16457692513175,1.0551765777981745,0.0060378265774674545,0.0,0.0,0.0,4.589893443096571e-08
