stage,role,pde,method,parents,training_seed_count,mean_cost,B0_mean_cost,relative_excess,fixed_ci_low,fixed_ci_high,joint_ci_low,joint_ci_high,tracking_rmse_mean,any_violation_rate,violation_duration_seconds,violation_max,violation_integrated_mean,tracking_cost,action_cost,slew_cost,violation_cost,source_kind,violation_rate_tolerance_1e7
E1,locked_nominal,burgers,O-cand-obs,384,0,0.3460068170554971,0.2664725139151905,0.2984709453584386,0.2484450230908004,0.35551505851528054,0.2548788052520766,0.3470501716400838,0.03735277802782308,0.0,,,,,,,,revision_execution,
E1,locked_nominal,burgers,O-cand-state,384,0,0.3416981652459941,0.2664725139151905,0.2823017287056686,0.23605540735730648,0.3328028448282757,0.24495005910891024,0.3212579076317688,0.03715261206140721,0.0,,,,,,,,revision_execution,
E1,locked_nominal,heat,O-cand-obs,384,0,13.586432523309595,12.055011377213518,0.12703605979093327,0.11927221270183494,0.1350142241764498,0.11246818900786068,0.14339401399707133,0.22291805294553724,0.9140625,,,,,,,,revision_execution,
E1,locked_nominal,heat,O-cand-state,384,0,13.572635332612867,12.055011377213518,0.12589154069717218,0.1179650406581782,0.13408771124624233,0.11145740232473215,0.1419484295364086,0.22260381393930817,0.9140625,,,,,,,,revision_execution,
E1,locked_coefficient_ood,burgers,O-cand-obs,128,0,0.5350123556635814,0.38903927566715957,0.3752142498879942,0.2606674985083505,0.5053293882168799,0.2834263776896775,0.4824335108650604,0.04280732409435951,0.0,,,,,,,,revision_execution,
E1,locked_coefficient_ood,burgers,O-cand-state,128,0,0.5357249317074508,0.38903927566715957,0.3770458799789341,0.2603236601560925,0.5108489409117832,0.2832217053804252,0.4872678539976064,0.04280465750176926,0.0,,,,,,,,revision_execution,
E1,locked_coefficient_ood,heat,O-cand-obs,128,0,6.900211235925731,5.546748839786472,0.24401003817424707,0.2176815008644133,0.2712402667027615,0.2072477933562543,0.2866060741699997,0.15643428901862577,0.890625,,,,,,,,revision_execution,
E1,locked_coefficient_ood,heat,O-cand-state,128,0,6.864442825117041,5.546748839786472,0.23756150195206852,0.21145517263702865,0.26456923608856103,0.20093925090846218,0.28013956601706197,0.15568427726011802,0.890625,,,,,,,,revision_execution,
E1,locked_delay_dropout,burgers,O-cand-obs,128,0,0.316309482288514,0.2501530770118818,0.2644636878621723,0.1949402126844075,0.33864455940826965,0.20830047754898315,0.32339191251217675,0.03551618214933157,0.0,,,,,,,,revision_execution,
E1,locked_delay_dropout,burgers,O-cand-state,128,0,0.31125316304070805,0.2501530770118818,0.24425078739256956,0.18083966046035763,0.31283001913958386,0.193462036623333,0.2981254562134292,0.0353085361050567,0.0,,,,,,,,revision_execution,
E1,locked_delay_dropout,heat,O-cand-obs,128,0,14.21519374346786,12.996960565296146,0.09373215930381294,0.08697258731466197,0.10049939303788613,0.07725320482507578,0.11479227570351577,0.22461366198631388,0.8984375,,,,,,,,revision_execution,
E1,locked_delay_dropout,heat,O-cand-state,128,0,14.251134741021302,12.996960565296146,0.09649749796687017,0.09001569657892831,0.10296378505069138,0.08021333018234815,0.11746730238505003,0.22493791443245248,0.8984375,,,,,,,,revision_execution,
E4,locked_nominal,burgers,burgers_phys0.01_rank1_s11,384,1,0.34107800475108013,0.2664725139151905,0.2799744324085678,0.23547377088956437,0.32844913254026886,0.2430956560304978,0.31946318455028616,0.03722731292736341,0.0,0.0,0.0,0.0,0.34068921943887603,0.00037826267828193976,1.0522633922144826e-05,0.0,revision_execution,0.0
E4,locked_nominal,burgers,burgers_phys0.1_rank0.1_s11,384,1,0.3411888300775429,0.2664725139151905,0.28039033018667037,0.23589570124732687,0.3284360935488911,0.2434677250014126,0.3197933673345462,0.037221117637785135,0.0,0.0,0.0,0.0,0.3406928265337781,0.00048285484193751017,1.3148701827327337e-05,0.0,revision_execution,0.0
E4,locked_nominal,burgers,burgers_phys0.1_rank1_s11,384,1,0.34107800475108013,0.2664725139151905,0.2799744324085678,0.23547377088956437,0.32844913254026886,0.2430956560304978,0.31946318455028616,0.03722731292736341,0.0,0.0,0.0,0.0,0.34068921943887603,0.00037826267828193976,1.0522633922144826e-05,0.0,revision_execution,0.0
E4,locked_nominal,burgers,burgers_phys1_rank0.1_s11,384,1,0.3411888300775429,0.2664725139151905,0.28039033018667037,0.23589570124732687,0.3284360935488911,0.2434677250014126,0.3197933673345462,0.037221117637785135,0.0,0.0,0.0,0.0,0.3406928265337781,0.00048285484193751017,1.3148701827327337e-05,0.0,revision_execution,0.0
E4,locked_nominal,burgers,burgers_phys1_rank1_s11,384,1,0.34107800504960384,0.2664725139151905,0.27997443352884716,0.23547377307410916,0.32844913254026886,0.24309565719791007,0.3194631845773451,0.037227312939883184,0.0,0.0,0.0,0.0,0.34068921958894566,0.00037826277203578906,1.0522688622442323e-05,0.0,revision_execution,0.0
E4,locked_nominal,burgers,burgers_phys0.01_rank0.1_s11,384,1,0.3411875108904481,0.2664725139151905,0.2803853796306995,0.23589557129854796,0.328431250304685,0.2434619704136876,0.3197932153612117,0.03722102440147024,0.0,,,,,,,,original_P_seed11_baseline,
E4,locked_nominal,heat,heat_phys0.01_rank1_s11,384,1,13.713947534867861,12.055011377213518,0.13761381932746064,0.12976162527664417,0.14566161969278282,0.12182710716248679,0.15496455312318536,0.22442501387271963,0.9140625,0.4083854166666668,0.20085539423174245,0.012468646211322954,11.401176261293315,1.2409502764753257,0.008839742595386882,1.0629812545038313,revision_execution,0.9140625
E4,locked_nominal,heat,heat_phys0.1_rank0.1_s11,384,1,13.750965133059305,12.055011377213518,0.14068454211926285,0.13291843041764523,0.14870142987109616,0.12478928491654716,0.15826154176986967,0.22485000000935265,0.9140625,0.4089583333333335,0.20085000715880597,0.012479634836958534,11.442330064848337,1.236339162583877,0.008825810229306306,1.0634700953977834,revision_execution,0.9140625
E4,locked_nominal,heat,heat_phys0.1_rank1_s11,384,1,13.713947534867861,12.055011377213518,0.13761381932746064,0.12976162527664417,0.14566161969278282,0.12182710716248679,0.15496455312318536,0.22442501387271963,0.9140625,0.4083854166666668,0.20085539423174245,0.012468646211322954,11.401176261293315,1.2409502764753257,0.008839742595386882,1.0629812545038313,revision_execution,0.9140625
E4,locked_nominal,heat,heat_phys1_rank0.1_s11,384,1,13.749423640729873,12.055011377213518,0.14055667062406513,0.13278273987974845,0.1485318170149197,0.12466531273787415,0.15811451306619065,0.22483534257354312,0.9140625,0.4089583333333335,0.20085000715880597,0.012479663376975507,11.440640750002848,1.2364810896917664,0.008829716479151086,1.0634720845561105,revision_execution,0.9140625
E4,locked_nominal,heat,heat_phys1_rank1_s11,384,1,13.713942745084497,12.055011377213518,0.13761342200030652,0.12976342727759324,0.14566627852686548,0.12182573114055523,0.15496568691248164,0.22442499414792808,0.9140625,0.4083854166666668,0.20085539423174245,0.012468646211322954,11.401169388174543,1.240952359810739,0.008839742595386882,1.0629812545038313,revision_execution,0.9140625
E4,locked_nominal,heat,heat_phys0.01_rank0.1_s11,384,1,13.751036464184628,12.055011377213518,0.14069045925389576,0.1329312148065696,0.14869698466499773,0.12479142618056428,0.15826957051584437,0.22485080867565763,0.9140625,,,,,,,,original_P_seed11_baseline,
E4,locked_coefficient_ood,burgers,burgers_phys0.01_rank1_s11,128,1,0.5376721090856704,0.38903927566715957,0.38205097200950205,0.26251364141344485,0.5186236078770531,0.287079093540114,0.49404186894632757,0.04285507198678138,0.0,0.0,0.0,0.0,0.5359975634294658,0.001612022159320259,6.252349688445251e-05,0.0,revision_execution,0.0
E4,locked_coefficient_ood,burgers,burgers_phys0.1_rank0.1_s11,128,1,0.5379143120259524,0.38903927566715957,0.3826735388181271,0.2626096373603489,0.5197674979788588,0.2871066724435942,0.49530689801335076,0.04286041885060544,0.0,0.0,0.0,0.0,0.5362379171720983,0.0016139121484483893,6.248270540576309e-05,0.0,revision_execution,0.0
E4,locked_coefficient_ood,burgers,burgers_phys0.1_rank1_s11,128,1,0.5376721090856704,0.38903927566715957,0.38205097200950205,0.26251364141344485,0.5186236078770531,0.287079093540114,0.49404186894632757,0.04285507198678138,0.0,0.0,0.0,0.0,0.5359975634294658,0.001612022159320259,6.252349688445251e-05,0.0,revision_execution,0.0
E4,locked_coefficient_ood,burgers,burgers_phys1_rank0.1_s11,128,1,0.5379143120259524,0.38903927566715957,0.3826735388181271,0.2626096373603489,0.5197674979788588,0.2871066724435942,0.49530689801335076,0.04286041885060544,0.0,0.0,0.0,0.0,0.5362379171720983,0.0016139121484483893,6.248270540576309e-05,0.0,revision_execution,0.0
E4,locked_coefficient_ood,burgers,burgers_phys1_rank1_s11,128,1,0.5376721090856704,0.38903927566715957,0.38205097200950205,0.26251364141344485,0.5186236078770531,0.287079093540114,0.49404186894632757,0.04285507198678138,0.0,0.0,0.0,0.0,0.5359975634294658,0.001612022159320259,6.252349688445251e-05,0.0,revision_execution,0.0
E4,locked_coefficient_ood,burgers,burgers_phys0.01_rank0.1_s11,128,1,0.5379142450219934,0.38903927566715957,0.3826733665888349,0.2626091876297991,0.5197673608882866,0.2871064518269417,0.4953066952943747,0.04286041216202887,0.0,,,,,,,,original_P_seed11_baseline,
E4,locked_coefficient_ood,heat,heat_phys0.01_rank1_s11,128,1,7.127814984566337,5.546748839786472,0.285043759947986,0.2633575271023569,0.3070176773657754,0.24801165793736898,0.32728191039454,0.1594100437333314,0.890625,0.29546875000000006,0.17850669836031585,0.00922784846050182,5.507043139497549,0.9302272752116605,0.005699544308366792,0.6848450255487608,revision_execution,0.890625
E4,locked_coefficient_ood,heat,heat_phys0.1_rank0.1_s11,128,1,7.06962138806335,5.546748839786472,0.2745522813929146,0.2540637338223312,0.2950890992248012,0.23867055453633226,0.31530533917053905,0.1584914554473314,0.890625,0.295625,0.1784811521384384,0.009222081316880203,5.439001550569744,0.9403823555592035,0.005745387161148525,0.6844920947732549,revision_execution,0.890625
E4,locked_coefficient_ood,heat,heat_phys0.1_rank1_s11,128,1,7.127814984566337,5.546748839786472,0.285043759947986,0.2633575271023569,0.3070176773657754,0.24801165793736898,0.32728191039454,0.1594100437333314,0.890625,0.29546875000000006,0.17850669836031585,0.00922784846050182,5.507043139497549,0.9302272752116605,0.005699544308366792,0.6848450255487608,revision_execution,0.890625
E4,locked_coefficient_ood,heat,heat_phys1_rank0.1_s11,128,1,7.069429194284089,5.546748839786472,0.27451763158546627,0.2540061550673274,0.2950232159468192,0.23861547584929843,0.3152810105798325,0.15848913052672667,0.890625,0.295625,0.1784811521384384,0.009222073531154652,5.438798440523131,0.9403932961924983,0.005745387161148525,0.68449207040731,revision_execution,0.890625
E4,locked_coefficient_ood,heat,heat_phys1_rank1_s11,128,1,7.127814984566337,5.546748839786472,0.285043759947986,0.2633575271023569,0.3070176773657754,0.24801165793736898,0.32728191039454,0.1594100437333314,0.890625,0.29546875000000006,0.17850669836031585,0.00922784846050182,5.507043139497549,0.9302272752116605,0.005699544308366792,0.6848450255487608,revision_execution,0.890625
E4,locked_coefficient_ood,heat,heat_phys0.01_rank0.1_s11,128,1,7.069705696947337,5.546748839786472,0.27456748108672113,0.25407874486693444,0.2951041260779494,0.2386712140198463,0.31532185151028824,0.15849242251137916,0.890625,,,,,,,,original_P_seed11_baseline,
E4,locked_delay_dropout,burgers,burgers_phys0.01_rank1_s11,128,1,0.3127094662375525,0.2501530770118818,0.25007243553793845,0.1853203448727857,0.32044163259997765,0.19867562579979461,0.3044467303372253,0.03541531939554017,0.0,0.0,0.0,0.0,0.3126338022007889,7.285337900262109e-05,2.81065776101407e-06,0.0,revision_execution,0.0
E4,locked_delay_dropout,burgers,burgers_phys0.1_rank0.1_s11,128,1,0.31271167228960417,0.2501530770118818,0.2500812543463178,0.18533409532313747,0.3204547367137252,0.19868494374976067,0.30445380143704104,0.0354155289340428,0.0,0.0,0.0,0.0,0.3126361229605952,7.276688359427507e-05,2.782445414724127e-06,0.0,revision_execution,0.0
E4,locked_delay_dropout,burgers,burgers_phys0.1_rank1_s11,128,1,0.3127094662375525,0.2501530770118818,0.25007243553793845,0.1853203448727857,0.32044163259997765,0.19867562579979461,0.3044467303372253,0.03541531939554017,0.0,0.0,0.0,0.0,0.3126338022007889,7.285337900262109e-05,2.81065776101407e-06,0.0,revision_execution,0.0
E4,locked_delay_dropout,burgers,burgers_phys1_rank0.1_s11,128,1,0.31271167228960417,0.2501530770118818,0.2500812543463178,0.18533409532313747,0.3204547367137252,0.19868494374976067,0.30445380143704104,0.0354155289340428,0.0,0.0,0.0,0.0,0.3126361229605952,7.276688359427507e-05,2.782445414724127e-06,0.0,revision_execution,0.0
E4,locked_delay_dropout,burgers,burgers_phys1_rank1_s11,128,1,0.3127114472491929,0.2501530770118818,0.2500803547355115,0.18532054285272503,0.3204420285598563,0.19868382272152776,0.3044652682070992,0.035415384445736456,0.0,0.0,0.0,0.0,0.31263525227196265,7.338752802524906e-05,2.8074492050204424e-06,0.0,revision_execution,0.0
E4,locked_delay_dropout,burgers,burgers_phys0.01_rank0.1_s11,128,1,0.3127117608622849,0.2501530770118818,0.25008160842023847,0.18533444185165512,0.32045527963899123,0.1986854901010073,0.30445440879209357,0.035415542554272324,0.0,,,,,,,,original_P_seed11_baseline,
E4,locked_delay_dropout,heat,heat_phys0.01_rank1_s11,128,1,14.362503720826316,12.996960565296146,0.10506634598679772,0.09842994777498872,0.11172370944150509,0.08657684854524642,0.12909160379992637,0.22659032838208176,0.8984375,0.4114062500000001,0.18359257022530073,0.011965731421335592,12.015821636951678,1.32586116479189,0.008520546649864581,1.0123003724328867,revision_execution,0.8984375
E4,locked_delay_dropout,heat,heat_phys0.1_rank0.1_s11,128,1,14.398887179226314,12.996960565296146,0.1078657280590298,0.1013193643696765,0.11444878025196943,0.08919746902445148,0.13196855218634462,0.22696099828850463,0.8984375,0.4114062500000001,0.18359257022530073,0.011977496604611157,12.055470661023119,1.321060176086589,0.008484537184600863,1.0138718049320041,revision_execution,0.8984375
E4,locked_delay_dropout,heat,heat_phys0.1_rank1_s11,128,1,14.362441737949396,12.996960565296146,0.10506157695817694,0.09841976528653272,0.1117182862339801,0.08656844670308075,0.1290875189633392,0.22658945039568806,0.8984375,0.4114062500000001,0.18359257022530073,0.011965731421335592,12.01574946337005,1.3258713142522522,0.008520587894210539,1.0123003724328867,revision_execution,0.8984375
E4,locked_delay_dropout,heat,heat_phys1_rank0.1_s11,128,1,14.398532755061382,12.996960565296146,0.10783845828598153,0.10129339829869227,0.1144357213217772,0.08918417724590923,0.1319658555154201,0.2269563589648218,0.8984375,0.4114062500000001,0.18359257022530073,0.01197698495995174,12.055042178754901,1.3211617385470078,0.008484537184600863,1.01384430057487,revision_execution,0.8984375
E4,locked_delay_dropout,heat,heat_phys1_rank1_s11,128,1,14.362355882327815,12.996960565296146,0.10505497113513464,0.09841297774898532,0.11171231003024189,0.08654911523425646,0.12908111726002577,0.22658863697669573,0.8984375,0.4114062500000001,0.18359257022530073,0.011965731421335592,12.015652954070738,1.325882015172027,0.008520540652165133,1.0123003724328867,revision_execution,0.8984375
E4,locked_delay_dropout,heat,heat_phys0.01_rank0.1_s11,128,1,14.398928283189203,12.996960565296146,0.10786889064174915,0.10131685285456156,0.11444966082626226,0.08920523056044766,0.13196564481164927,0.22696155465736853,0.8984375,,,,,,,,original_P_seed11_baseline,
E5,locked_nominal,heat,B0,384,0,7.242663883638749,7.242663883638749,0.0,0.0,0.0,0.0,0.0,0.15019937712875017,0.0,0.0,0.0,0.0,5.638780260223672,1.5847474656123335,0.01913615780274422,0.0,revision_execution,0.0
E5,locked_nominal,heat,B1,384,0,9.11876818134811,7.242663883638749,0.2590351185490601,0.2449942784583828,0.27394992138565066,0.2316470757105652,0.29071625069064283,0.18970917996313652,0.0,0.0,0.0,0.0,8.056694026416407,1.0553916275482564,0.006682527383446254,0.0,revision_execution,0.0
E5,locked_nominal,heat,B2,384,3,12.154613159152575,7.242663883638749,0.6781964970941105,0.6345237260330706,0.7240306129546392,0.6311142666711437,0.729658235237654,0.2229180214027678,0.0,0.0,0.0,0.0,11.33459016925348,0.8163905068238401,0.0036324830752554275,0.0,revision_execution,0.0
E5,locked_nominal,heat,B3,384,3,12.362595448526642,7.242663883638749,0.706912766786523,0.6617577971783418,0.7541548412304472,0.6591465517801937,0.7593563272195324,0.2250817717495817,0.0,0.0,0.0,0.0,11.557263376696866,0.8014875941694162,0.0038444776603621996,0.0,revision_execution,0.0
E5,locked_nominal,heat,B4,384,3,9.326492626189037,7.242663883638749,0.28771578745462373,0.27348897481010676,0.3025059642712441,0.25848695487107026,0.3218481336836791,0.19269513752436343,0.0,0.0,0.0,0.0,8.274286432167775,1.0464232804094504,0.005782913611812406,0.0,revision_execution,0.0
E5,locked_nominal,heat,B5,384,3,9.231219205581489,7.242663883638749,0.274561315268945,0.2605081744779418,0.2893442394760589,0.2456789070587239,0.3083239882207161,0.19159948486970824,0.0,0.0,0.0,0.0,8.17076302101829,1.0544221908633833,0.0060339936998168595,0.0,revision_execution,0.0
E5,locked_nominal,heat,P-no-rank,384,3,9.268919576835982,7.242663883638749,0.2797666336242063,0.2657195063534155,0.294294503085141,0.25061529210539035,0.3137642906159276,0.19206524583787785,0.0,0.0,0.0,0.0,8.209772752594198,1.0532079920270354,0.005938832214749206,0.0,revision_execution,0.0
E5,locked_nominal,heat,P,384,3,9.23120683025127,7.242663883638749,0.274559606597879,0.26051202665519607,0.28934100358885223,0.24567844094703797,0.30832231630364426,0.19159924108577475,0.0,0.0,0.0,0.0,8.170751369407114,1.054421493946123,0.006033966898033581,0.0,revision_execution,0.0
E5,locked_coefficient_ood,heat,B0,128,0,2.8719022776790117,2.8719022776790117,0.0,0.0,0.0,0.0,0.0,0.08333081812340193,0.0,0.0,0.0,0.0,1.643103687146835,1.2148694606580364,0.013929129874140612,0.0,revision_execution,0.0
E5,locked_coefficient_ood,heat,B1,128,0,4.44879734894226,2.8719022776790117,0.5490768552673906,0.49836725053542247,0.6012928794818928,0.4991480625448869,0.601567342767855,0.1301647665123837,0.0,0.0,0.0,0.0,3.7294055549094374,0.7170419478267909,0.002349846206031362,0.0,revision_execution,0.0
E5,locked_coefficient_ood,heat,B2,128,3,7.684249712239517,2.8719022776790117,1.6756654542053933,1.4900939289167388,1.8665009357397115,1.5154484458806932,1.8487464696624645,0.18152848454926138,0.0,0.0,0.0,0.0,7.264237237612568,0.41860316339201525,0.001409311234933467,0.0,revision_execution,0.0
E5,locked_coefficient_ood,heat,B3,128,3,7.820356724492034,2.8719022776790117,1.7230580877606392,1.5356404346038879,1.9144913158606565,1.565510982641785,1.8938475712357674,0.18325611860476543,0.0,0.0,0.0,0.0,7.4082077557241375,0.41055710017259966,0.0015918685952969113,0.0,revision_execution,0.0
E5,locked_coefficient_ood,heat,B4,128,3,4.638951582208637,2.8719022776790117,0.6152887994356492,0.5578089860693223,0.6733652305680918,0.5598712779780113,0.6722797377138182,0.1332026012249126,0.0,0.0,0.0,0.0,3.9238968067266886,0.7132181673278087,0.00183660815413952,0.0,revision_execution,0.0
E5,locked_coefficient_ood,heat,B5,128,3,4.594399013700485,2.8719022776790117,0.599775538815877,0.5442454964203791,0.656137652831025,0.5419658304016703,0.6592192134391964,0.13252786935702968,0.0,0.0,0.0,0.0,3.873992725800395,0.7184772323660947,0.0019290555339956537,0.0,revision_execution,0.0
E5,locked_coefficient_ood,heat,P-no-rank,128,3,4.512963407499673,2.8719022776790117,0.5714195578921021,0.5189241266235759,0.6241723034848141,0.5117249184884906,0.6340665373144333,0.13133351487424652,0.0,0.0,0.0,0.0,3.785251653045362,0.7255118656129045,0.002199888841407186,0.0,revision_execution,0.0
E5,locked_coefficient_ood,heat,P,128,3,4.594454524937047,2.8719022776790117,0.5997948678985527,0.5442718076986411,0.656137652831025,0.5419658304016703,0.6592202277482627,0.13253010373040275,0.0,0.0,0.0,0.0,3.87406099745319,0.7184644719498626,0.0019290555339956537,0.0,revision_execution,0.0
E5,locked_delay_dropout,heat,B0,128,0,7.069460753995969,7.069460753995969,0.0,0.0,0.0,0.0,0.0,0.148232848345209,0.0,0.0,0.0,0.0,5.447737426358806,1.6076866970545534,0.014036630582608496,0.0,revision_execution,0.0
E5,locked_delay_dropout,heat,B1,128,0,8.574835461219184,7.069460753995969,0.2129405282251991,0.1956803693277037,0.22939520858839413,0.1739066795155341,0.25984332978779445,0.1821115090973202,0.0,0.0,0.0,0.0,7.451419700323125,1.117106342410915,0.006309418485143698,0.0,revision_execution,0.0
E5,locked_delay_dropout,heat,B2,128,3,12.295526231277826,7.069460753995969,0.7392452775592335,0.6547107759146045,0.8255698320004892,0.665259988590987,0.8242770421434562,0.2229234514982852,0.0,0.0,0.0,0.0,11.467092656795499,0.8245917128613581,0.003841861620970241,0.0,revision_execution,0.0
E5,locked_delay_dropout,heat,B3,128,3,12.469471165320332,7.069460753995969,0.763850398104557,0.6763329104576783,0.8532667529107317,0.6901773258151328,0.8483893761691456,0.22467218287912108,0.0,0.0,0.0,0.0,11.653131329060754,0.812234824297486,0.0041050119620915995,0.0,revision_execution,0.0
E5,locked_delay_dropout,heat,B4,128,3,8.917261120233043,7.069460753995969,0.2613778377923121,0.24362487523652018,0.27786965747074316,0.21519680938666175,0.3167220106914481,0.1874820654285494,0.0,0.0,0.0,0.0,7.818959709267312,1.093037402776449,0.005264008189281424,0.0,revision_execution,0.0
E5,locked_delay_dropout,heat,B5,128,3,8.839739970773923,7.069460753995969,0.2504121995128575,0.23219819114950732,0.2674352611035505,0.20450846762437086,0.3062481651262908,0.18665481443713158,0.0,0.0,0.0,0.0,7.734763028686071,1.0994915760582373,0.005485366029613877,0.0,revision_execution,0.0
E5,locked_delay_dropout,heat,P-no-rank,128,3,8.905167644025155,7.069460753995969,0.2596671731986865,0.24121138300483838,0.2770559265363284,0.21306046743601648,0.31624975859728055,0.18745842197830967,0.0,0.0,0.0,0.0,7.804369487443548,1.0954768525446257,0.005321304036981836,0.0,revision_execution,0.0
E5,locked_delay_dropout,heat,P,128,3,8.839716503874605,7.069460753995969,0.2504088800377044,0.23219699583996306,0.2674318586415185,0.20450846762437086,0.30624806866322407,0.1866544998008495,0.0,0.0,0.0,0.0,7.73473565553551,1.0994954823094791,0.005485366029613877,0.0,revision_execution,0.0
