role,pde,condition,parents,exact_history_agreement,history_agreement_at_1e7,exact_action_agreement
locked_nominal,burgers,burgers_phys0.01_rank1_s11,384,0.859375,0.859375,0.9451171875
locked_nominal,burgers,burgers_phys0.1_rank0.1_s11,384,0.9817708333333334,0.9817708333333334,0.9944401041666666
locked_nominal,burgers,burgers_phys0.1_rank1_s11,384,0.859375,0.859375,0.9451171875
locked_nominal,burgers,burgers_phys1_rank0.1_s11,384,0.9817708333333334,0.9817708333333334,0.9944401041666666
locked_nominal,burgers,burgers_phys1_rank1_s11,384,0.8619791666666666,0.8619791666666666,0.9452213541666666
locked_nominal,burgers,burgers_phys0.01_rank0.1_s11,384,1.0,1.0,1.0
locked_nominal,heat,heat_phys0.01_rank1_s11,384,0.044270833333333336,0.044270833333333336,0.8470703125
locked_nominal,heat,heat_phys0.1_rank0.1_s11,384,0.9635416666666666,0.9635416666666666,0.9984244791666667
locked_nominal,heat,heat_phys0.1_rank1_s11,384,0.044270833333333336,0.044270833333333336,0.8470703125
locked_nominal,heat,heat_phys1_rank0.1_s11,384,0.9166666666666666,0.9166666666666666,0.9970052083333333
locked_nominal,heat,heat_phys1_rank1_s11,384,0.044270833333333336,0.044270833333333336,0.8470703125
locked_nominal,heat,heat_phys0.01_rank0.1_s11,384,1.0,1.0,1.0
locked_coefficient_ood,burgers,burgers_phys0.01_rank1_s11,128,0.6875,0.6875,0.8971484375
locked_coefficient_ood,burgers,burgers_phys0.1_rank0.1_s11,128,0.96875,0.96875,0.993828125
locked_coefficient_ood,burgers,burgers_phys0.1_rank1_s11,128,0.6875,0.6875,0.8971484375
locked_coefficient_ood,burgers,burgers_phys1_rank0.1_s11,128,0.96875,0.96875,0.993828125
locked_coefficient_ood,burgers,burgers_phys1_rank1_s11,128,0.6875,0.6875,0.8971484375
locked_coefficient_ood,burgers,burgers_phys0.01_rank0.1_s11,128,1.0,1.0,1.0
locked_coefficient_ood,heat,heat_phys0.01_rank1_s11,128,0.0859375,0.0859375,0.7947265625
locked_coefficient_ood,heat,heat_phys0.1_rank0.1_s11,128,0.984375,0.984375,0.999921875
locked_coefficient_ood,heat,heat_phys0.1_rank1_s11,128,0.0859375,0.0859375,0.7947265625
locked_coefficient_ood,heat,heat_phys1_rank0.1_s11,128,0.9375,0.9375,0.9994921875
locked_coefficient_ood,heat,heat_phys1_rank1_s11,128,0.0859375,0.0859375,0.7947265625
locked_coefficient_ood,heat,heat_phys0.01_rank0.1_s11,128,1.0,1.0,1.0
locked_delay_dropout,burgers,burgers_phys0.01_rank1_s11,128,0.84375,0.84375,0.9469921875
locked_delay_dropout,burgers,burgers_phys0.1_rank0.1_s11,128,0.9765625,0.9765625,0.9931640625
locked_delay_dropout,burgers,burgers_phys0.1_rank1_s11,128,0.84375,0.84375,0.9469921875
locked_delay_dropout,burgers,burgers_phys1_rank0.1_s11,128,0.9765625,0.9765625,0.9931640625
locked_delay_dropout,burgers,burgers_phys1_rank1_s11,128,0.8359375,0.8359375,0.94359375
locked_delay_dropout,burgers,burgers_phys0.01_rank0.1_s11,128,1.0,1.0,1.0
locked_delay_dropout,heat,heat_phys0.01_rank1_s11,128,0.0390625,0.0390625,0.893203125
locked_delay_dropout,heat,heat_phys0.1_rank0.1_s11,128,0.9609375,0.9609375,0.999765625
locked_delay_dropout,heat,heat_phys0.1_rank1_s11,128,0.0390625,0.0390625,0.893203125
locked_delay_dropout,heat,heat_phys1_rank0.1_s11,128,0.8828125,0.8828125,0.9984375
locked_delay_dropout,heat,heat_phys1_rank1_s11,128,0.03125,0.03125,0.89
locked_delay_dropout,heat,heat_phys0.01_rank0.1_s11,128,1.0,1.0,1.0
