pde,checkpoint,batch,physics_weight,ranking_weight,selected_update,ramp,data_grad,physics_grad,balance_grad,ranking_grad,physics_data_ratio,balance_data_ratio
burgers,P_s11,0,0.01,0.1,5000,1.0,0.00541396773281158,2.8259959412591215e-07,1.847395722791331e-08,0.0002443252719824511,5.219824130336156e-05,3.4122769361832565e-06
burgers,P_s11,1,0.01,0.1,5000,1.0,0.01042498219517234,3.094659341790687e-07,3.8231263669123756e-08,0.0004435982981913136,2.9685032394815788e-05,3.6672737615636513e-06
burgers,P_s11,2,0.01,0.1,5000,1.0,0.009721072217240646,3.869809786814273e-07,2.3417410527677083e-08,0.00038408289532921826,3.980846660053647e-05,2.408932883570757e-06
burgers,P_s11,3,0.01,0.1,5000,1.0,0.007260615729975702,3.6169919943855096e-07,2.8833416654855403e-08,0.0004278771388237172,4.981660135865108e-05,3.971208190486607e-06
burgers,P_s11,4,0.01,0.1,5000,1.0,0.005295710251889868,2.3168504660897652e-07,9.284547592813524e-09,0.0005835744749576401,4.3749570046113385e-05,1.7532204654701736e-06
burgers,P_s11,5,0.01,0.1,5000,1.0,0.007301709733649746,4.2811192324048576e-07,3.516340819362456e-08,0.0004598762849324541,5.863173679276002e-05,4.815777328366653e-06
burgers,P_s11,6,0.01,0.1,5000,1.0,0.005838816610140056,3.9298624396273077e-07,3.2747310152056603e-08,0.00028673242368505524,6.730580359044779e-05,5.6085526123881965e-06
burgers,P_s11,7,0.01,0.1,5000,1.0,0.0064909583557219205,5.294541553331974e-07,3.832751787127975e-08,0.00030226587036764164,8.156794826244295e-05,5.904754856036507e-06
burgers,P_s11,8,0.01,0.1,5000,1.0,0.008319245944243778,4.342383202107625e-07,3.2766321361100604e-08,0.00038839466790805793,5.219683648266452e-05,3.9386167425152466e-06
burgers,P_s11,9,0.01,0.1,5000,1.0,0.00661698541504374,4.4139167274469706e-07,2.267829875069801e-08,0.0003682157461978111,6.670585547025561e-05,3.4272855882587885e-06
burgers,P_s11,10,0.01,0.1,5000,1.0,0.006936668950640087,4.3959928975838757e-07,1.6183685208986027e-08,0.0004066338325494103,6.337325492775941e-05,2.3330629332530946e-06
burgers,P_s11,11,0.01,0.1,5000,1.0,0.006249080038168718,3.9849809682568703e-07,3.102460100031094e-08,0.0003494346486808784,6.376908191152985e-05,4.964666928702459e-06
burgers,P_s11,12,0.01,0.1,5000,1.0,0.008459342042717102,3.84892555903745e-07,2.4051532995339095e-08,0.0003776022386816141,4.5499112574022274e-05,2.8431919260252364e-06
burgers,P_s11,13,0.01,0.1,5000,1.0,0.008153851171326037,9.216834938183568e-07,2.9108621385486423e-08,0.0002774245573525113,0.00011303658534504084,3.5699230675009453e-06
burgers,P_s11,14,0.01,0.1,5000,1.0,0.005125259023801782,2.667825311169477e-07,1.802018428213857e-08,0.0004674717618484519,5.20524972256047e-05,3.5159558177357587e-06
burgers,P_s11,15,0.01,0.1,5000,1.0,0.004750920553255782,2.234538089725007e-07,1.088111274101484e-08,0.00040907455071921155,4.703379197098317e-05,2.2903167121071026e-06
burgers,P_s11,16,0.01,0.1,5000,1.0,0.008525460855387771,4.2625977061360493e-07,3.17049079346276e-08,0.0004152956213038843,4.999844323303939e-05,3.718849745769613e-06
burgers,P_s11,17,0.01,0.1,5000,1.0,0.0068747107307242485,4.27746240967818e-07,2.6343397677568916e-08,0.00024150575598090267,6.222025300004951e-05,3.831928165331496e-06
burgers,P_s11,18,0.01,0.1,5000,1.0,0.006373072068758467,3.1546155115030145e-07,2.1562986336701726e-08,0.00047102939691944944,4.949913444361163e-05,3.3834524549637477e-06
burgers,P_s11,19,0.01,0.1,5000,1.0,0.007434554725275671,4.2437776202826647e-07,4.0768144073297544e-08,0.000558386014120588,5.708179947690555e-05,5.4836026607882525e-06
burgers,burgers_phys0.01_rank1_s11,0,0.01,1.0,5000,1.0,0.0055399950807433086,2.867492510383779e-07,1.987404380009665e-08,0.0008742337658739167,5.175983856648196e-05,3.587375712512388e-06
burgers,burgers_phys0.01_rank1_s11,1,0.01,1.0,5000,1.0,0.010306861862128106,3.010149246060335e-07,4.087475672990449e-08,0.0022096004171359984,2.9205293389260727e-05,3.9657809793780324e-06
burgers,burgers_phys0.01_rank1_s11,2,0.01,1.0,5000,1.0,0.010066219104151857,3.856603238485389e-07,2.6230930278578875e-08,0.0025561895809702666,3.831233155748334e-05,2.6058374059988235e-06
burgers,burgers_phys0.01_rank1_s11,3,0.01,1.0,5000,1.0,0.007462005315460562,3.614481692454035e-07,3.639596990561311e-08,0.0017049533377594243,4.843847651736691e-05,4.877505223723727e-06
burgers,burgers_phys0.01_rank1_s11,4,0.01,1.0,5000,1.0,0.00533519767406596,2.3225163949754215e-07,9.787666898827487e-09,0.0018941434927988569,4.3531965202808114e-05,1.8345462524106058e-06
burgers,burgers_phys0.01_rank1_s11,5,0.01,1.0,5000,1.0,0.007103682998273555,4.241591053032975e-07,3.7813986097579756e-08,0.0014794676149737218,5.970974569197177e-05,5.323152244655327e-06
burgers,burgers_phys0.01_rank1_s11,6,0.01,1.0,5000,1.0,0.005786857908932115,3.8978243937214365e-07,3.521037916303047e-08,0.0013155222017407814,6.735649043162227e-05,6.084541856243376e-06
burgers,burgers_phys0.01_rank1_s11,7,0.01,1.0,5000,1.0,0.006475779394235409,5.237288245248128e-07,4.206368653776928e-08,0.001809309526165081,8.087502563645455e-05,6.495540378539363e-06
burgers,burgers_phys0.01_rank1_s11,8,0.01,1.0,5000,1.0,0.008069327411959256,4.3179644167371936e-07,2.9280175635437034e-08,0.001747281538369516,5.3510834252898155e-05,3.6285769730996357e-06
burgers,burgers_phys0.01_rank1_s11,9,0.01,1.0,5000,1.0,0.006710582105704602,4.3265327350684e-07,2.5070917484858203e-08,0.0014660780772407503,6.447328513260357e-05,3.7360272313106274e-06
burgers,burgers_phys0.01_rank1_s11,10,0.01,1.0,5000,1.0,0.007195099009536257,4.418979770111331e-07,2.0866602948090135e-08,0.0010894506550172946,6.14165248352315e-05,2.900113385574529e-06
burgers,burgers_phys0.01_rank1_s11,11,0.01,1.0,5000,1.0,0.006188177359438345,3.944402277343926e-07,3.7175481403941454e-08,0.0014803541281963354,6.374093773068472e-05,6.007500956196834e-06
burgers,burgers_phys0.01_rank1_s11,12,0.01,1.0,5000,1.0,0.008297597047314722,3.7935789144585184e-07,2.8621824863134332e-08,0.0014006817681540163,4.571900627165549e-05,3.4494112813536736e-06
burgers,burgers_phys0.01_rank1_s11,13,0.01,1.0,5000,1.0,0.008332659430493822,9.331737322895529e-07,2.769366912783913e-08,0.0016395116120412148,0.00011198990431248789,3.3235090620039786e-06
burgers,burgers_phys0.01_rank1_s11,14,0.01,1.0,5000,1.0,0.004921147238299939,2.6483279395797895e-07,2.1077831028700432e-08,0.001807502233447445,5.3815255088662655e-05,4.2831132677066555e-06
burgers,burgers_phys0.01_rank1_s11,15,0.01,1.0,5000,1.0,0.004640332863016377,2.291290894884157e-07,1.381755250104754e-08,0.0016244731984977592,4.937772704078687e-05,2.977707183718207e-06
burgers,burgers_phys0.01_rank1_s11,16,0.01,1.0,5000,1.0,0.008356240928868138,4.202182758384995e-07,4.465584228874317e-08,0.0015765221456958826,5.028795596196608e-05,5.344010861926148e-06
burgers,burgers_phys0.01_rank1_s11,17,0.01,1.0,5000,1.0,0.006593455534779911,4.228472061864048e-07,3.170821038391839e-08,0.0011571868668820674,6.413135023902445e-05,4.809042878451262e-06
burgers,burgers_phys0.01_rank1_s11,18,0.01,1.0,5000,1.0,0.006469105531581575,3.19765151765085e-07,1.996290421754339e-08,0.0018416420997753999,4.942957727370826e-05,3.08588322142626e-06
burgers,burgers_phys0.01_rank1_s11,19,0.01,1.0,5000,1.0,0.0075198795784404485,4.194692951430235e-07,3.9592041525233846e-08,0.002052376278772727,5.578138463089823e-05,5.264983449834028e-06
burgers,burgers_phys0.1_rank0.1_s11,0,0.1,0.1,5000,1.0,0.005413909432366607,2.8259840484041244e-06,1.8443686346951807e-07,0.00024432747411234305,0.0005219858373524341,3.406722365299974e-05
burgers,burgers_phys0.1_rank0.1_s11,1,0.1,0.1,5000,1.0,0.01042489704107408,3.0948111312690543e-06,3.8196404944634257e-07,0.00044358966583011515,0.0002968673090079933,3.663959921535961e-05
burgers,burgers_phys0.1_rank0.1_s11,2,0.1,0.1,5000,1.0,0.009720799798953704,3.8698319695211625e-06,2.3373316517459896e-07,0.0003840817114626208,0.0003980981040199687,2.4044643445877447e-05
burgers,burgers_phys0.1_rank0.1_s11,3,0.1,0.1,5000,1.0,0.007260592988263078,3.616965109002992e-06,2.87166696145253e-07,0.00042788235674879124,0.0004981638710295292,3.9551410829592684e-05
burgers,burgers_phys0.1_rank0.1_s11,4,0.1,0.1,5000,1.0,0.005295707453862745,2.3168661585658363e-06,9.273854009084471e-08,0.0005835651045214231,0.0004374988948598151,1.7512020990358944e-05
burgers,burgers_phys0.1_rank0.1_s11,5,0.1,0.1,5000,1.0,0.007301689254138427,4.2813925680144406e-06,3.5137541589073567e-07,0.0004598683883556223,0.0005863564469807924,4.812248284759369e-05
burgers,burgers_phys0.1_rank0.1_s11,6,0.1,0.1,5000,1.0,0.005838772547323919,3.929841644948707e-06,3.254879792356156e-07,0.0002867436764541666,0.0006730595537155955,5.574595971970108e-05
burgers,burgers_phys0.1_rank0.1_s11,7,0.1,0.1,5000,1.0,0.006490802346986642,5.294271800055141e-06,3.8229160969828976e-07,0.00030223891887609373,0.0008156575284584053,5.889743505681833e-05
burgers,burgers_phys0.1_rank0.1_s11,8,0.1,0.1,5000,1.0,0.00831913193051092,4.342193514521215e-06,3.2644844911951873e-07,0.0003884135140626259,0.0005219527170372136,3.924068663008568e-05
burgers,burgers_phys0.1_rank0.1_s11,9,0.1,0.1,5000,1.0,0.006617044391866136,4.413982704966224e-06,2.2635181817694123e-07,0.00036821900686226925,0.0006670625801440929,3.420739000257872e-05
burgers,burgers_phys0.1_rank0.1_s11,10,0.1,0.1,5000,1.0,0.006936534236773186,4.396097955502125e-06,1.6105892089790438e-07,0.0004066641812346434,0.000633760002537975,2.3218932596637418e-05
burgers,burgers_phys0.1_rank0.1_s11,11,0.1,0.1,5000,1.0,0.0062493571331235925,3.985092616471102e-06,3.090352791503255e-07,0.00034944705695108465,0.0006376804096134682,4.945073110197842e-05
burgers,burgers_phys0.1_rank0.1_s11,12,0.1,0.1,5000,1.0,0.00845892815382069,3.84883250251353e-06,2.399512324528773e-07,0.0003775934011883541,0.00045500238712573845,2.836662377188973e-05
burgers,burgers_phys0.1_rank0.1_s11,13,0.1,0.1,5000,1.0,0.008153979770912914,9.216610648985905e-06,2.906709957155165e-07,0.00027740826846520144,0.0011303205192958212,3.564774550366258e-05
burgers,burgers_phys0.1_rank0.1_s11,14,0.1,0.1,5000,1.0,0.005125401288399163,2.667690313243345e-06,1.7989646976238195e-07,0.00046746389863875195,0.0005204841851664176,3.5099001939528084e-05
burgers,burgers_phys0.1_rank0.1_s11,15,0.1,0.1,5000,1.0,0.004750882840859324,2.2344186510999013e-06,1.085885529963334e-07,0.00040905136434424776,0.0004703165129400975,2.285649986196929e-05
burgers,burgers_phys0.1_rank0.1_s11,16,0.1,0.1,5000,1.0,0.00852508245369366,4.262661022900489e-06,3.1548440322009765e-07,0.0004152686432195087,0.0005000140521870973,3.7006610192187384e-05
burgers,burgers_phys0.1_rank0.1_s11,17,0.1,0.1,5000,1.0,0.0068746304341597946,4.277271741934299e-06,2.6270570989348937e-07,0.00024151136432946094,0.0006221820624248669,3.8213793804553334e-05
burgers,burgers_phys0.1_rank0.1_s11,18,0.1,0.1,5000,1.0,0.006372999698860741,3.1544676012241674e-06,2.1553470696858183e-07,0.0004710206357663809,0.0004949737565165853,3.381997758561193e-05
burgers,burgers_phys0.1_rank0.1_s11,19,0.1,0.1,5000,1.0,0.007434246516752604,4.243814671272199e-06,4.0660026035726266e-07,0.0005583889076802775,0.0005708466435312619,5.4692867587994926e-05
burgers,burgers_phys0.1_rank1_s11,0,0.1,1.0,5000,1.0,0.0055399191181747945,2.8674413644183716e-06,1.9823606953316768e-07,0.0008743946306348766,0.0005175962506404049,3.578320645202477e-05
burgers,burgers_phys0.1_rank1_s11,1,0.1,1.0,5000,1.0,0.010306818431222107,3.0102980973478442e-06,4.082001943584627e-07,0.0022095599875823543,0.0002920686065671679,3.9604869056576684e-05
burgers,burgers_phys0.1_rank1_s11,2,0.1,1.0,5000,1.0,0.010065958352945974,3.856674547440461e-06,2.6178825973066195e-07,0.002556042445445537,0.0003831403242704397,2.60072861968523e-05
burgers,burgers_phys0.1_rank1_s11,3,0.1,1.0,5000,1.0,0.00746194723334325,3.6144489781008305e-06,3.6252201206422197e-07,0.0017050579032990012,0.00048438415135795766,4.858276274647384e-05
burgers,burgers_phys0.1_rank1_s11,4,0.1,1.0,5000,1.0,0.005335226913371196,2.3225259389258973e-06,9.767953685729023e-08,0.001894174632001426,0.0004353190551474317,1.830841282729416e-05
burgers,burgers_phys0.1_rank1_s11,5,0.1,1.0,5000,1.0,0.007103735793345715,4.24179932430674e-06,3.777500895454302e-07,0.0014794906402301005,0.0005971223378380938,5.317625831457304e-05
burgers,burgers_phys0.1_rank1_s11,6,0.1,1.0,5000,1.0,0.005786850102533807,3.897760454931787e-06,3.502964692049088e-07,0.0013155961629716282,0.0006735547639682475,6.053318523863776e-05
burgers,burgers_phys0.1_rank1_s11,7,0.1,1.0,5000,1.0,0.006475657782140368,5.23699543860867e-06,4.1950916067727134e-07,0.0018092535752034194,0.0008087202280905139,6.478247844323438e-05
burgers,burgers_phys0.1_rank1_s11,8,0.1,1.0,5000,1.0,0.008069242647844133,4.31775920563064e-06,2.9187874402949113e-07,0.0017473408032542708,0.0005350885323524407,3.617176441056369e-05
burgers,burgers_phys0.1_rank1_s11,9,0.1,1.0,5000,1.0,0.006710658619040645,4.326594901140097e-06,2.503438446127185e-07,0.001466149295401901,0.0006447347640161475,3.7305406045004216e-05
burgers,burgers_phys0.1_rank1_s11,10,0.1,1.0,5000,1.0,0.007194935966220065,4.419051043455776e-06,2.0759176116739523e-07,0.0010897768424318617,0.0006141890718976572,2.8852482098802574e-05
burgers,burgers_phys0.1_rank1_s11,11,0.1,1.0,5000,1.0,0.00618847632048173,3.944530372642734e-06,3.701731952034135e-07,0.0014807716764466757,0.0006373992835017716,5.9816532541017805e-05
burgers,burgers_phys0.1_rank1_s11,12,0.1,1.0,5000,1.0,0.00829721697143661,3.793494668135574e-06,2.854908791779074e-07,0.001400697411682417,0.0004572008519476808,3.440802863908674e-05
burgers,burgers_phys0.1_rank1_s11,13,0.1,1.0,5000,1.0,0.008332825554054435,9.331495735315861e-06,2.764730400088671e-07,0.0016396523557362806,0.0011198477244943057,3.317878650109816e-05
burgers,burgers_phys0.1_rank1_s11,14,0.1,1.0,5000,1.0,0.004921300843464505,2.6482126206332905e-06,2.1034454257888966e-07,0.0018075507340363105,0.0005381123212880027,4.274165495454876e-05
burgers,burgers_phys0.1_rank1_s11,15,0.1,1.0,5000,1.0,0.0046403622707611066,2.2911512944598198e-06,1.3774564867726575e-07,0.0016244127405430978,0.0004937440572035398,2.968424459986674e-05
burgers,burgers_phys0.1_rank1_s11,16,0.1,1.0,5000,1.0,0.008355890474352588,4.202184371408369e-06,4.444335973640444e-07,0.0015764600218579007,0.000502900843938354,5.318805921740843e-05
burgers,burgers_phys0.1_rank1_s11,17,0.1,1.0,5000,1.0,0.006593400764855193,4.228276634933319e-06,3.162674076291578e-07,0.0011573025215858492,0.0006412891898625825,4.796726589333961e-05
burgers,burgers_phys0.1_rank1_s11,18,0.1,1.0,5000,1.0,0.006469006947991174,3.197509002891128e-06,1.995712637858603e-07,0.0018416629777195273,0.000494281275101127,3.0850370913240915e-05
burgers,burgers_phys0.1_rank1_s11,19,0.1,1.0,5000,1.0,0.007519516328673794,4.194757469134011e-06,3.9471710232465793e-07,0.0020523409674215193,0.0005578493729893706,5.249235257585691e-05
burgers,burgers_phys1_rank0.1_s11,0,1.0,0.1,5000,1.0,0.005413299174084082,2.825832773748077e-05,1.8151360587314465e-06,0.00024436653741470235,0.005220167374595921,0.00033531050111202537
burgers,burgers_phys1_rank0.1_s11,1,1.0,0.1,5000,1.0,0.01042389863083106,3.0962587586879834e-05,3.7875405075401934e-06,0.0004433041859358822,0.0029703461903688236,0.00036335162511439605
burgers,burgers_phys1_rank0.1_s11,2,1.0,0.1,5000,1.0,0.00971805849073349,3.8700105956947994e-05,2.295848053862265e-06,0.0003840124957901171,0.003982287819511469,0.00023624554802293449
burgers,burgers_phys1_rank0.1_s11,3,1.0,0.1,5000,1.0,0.00726030696006434,3.616696761435595e-05,2.76131996866812e-06,0.0004280260039348704,0.004981465358599032,0.00038033102234614737
burgers,burgers_phys1_rank0.1_s11,4,1.0,0.1,5000,1.0,0.005295656060658419,2.3169905948452512e-05,9.174294754898465e-07,0.0005835342235999355,0.004375266384949432,0.0001732418920302352
burgers,burgers_phys1_rank0.1_s11,5,1.0,0.1,5000,1.0,0.007301511730580223,4.283967075593628e-05,3.489856225695873e-06,0.00045984668212330443,0.00586723302470569,0.00047796351693576576
burgers,burgers_phys1_rank0.1_s11,6,1.0,0.1,5000,1.0,0.005838328955625022,3.929620603219183e-05,3.0671782083662437e-06,0.0002866980520251631,0.0067307283181313945,0.0005253520710598409
burgers,burgers_phys1_rank0.1_s11,7,1.0,0.1,5000,1.0,0.006489195529853768,5.2916658914975486e-05,3.730216614522094e-06,0.0003020278719970287,0.008154579203466834,0.000574834984916251
burgers,burgers_phys1_rank0.1_s11,8,1.0,0.1,5000,1.0,0.00831793817568064,4.34036402955941e-05,3.150680118831802e-06,0.0003884349000952966,0.00521807680928603,0.0003787813821511108
burgers,burgers_phys1_rank0.1_s11,9,1.0,0.1,5000,1.0,0.0066175779005349005,4.414651236290586e-05,2.222612418707212e-06,0.00036817970768555485,0.006671098251724016,0.00033586494214560855
burgers,burgers_phys1_rank0.1_s11,10,1.0,0.1,5000,1.0,0.006935075874011735,4.397115431566654e-05,1.5382275103098989e-06,0.0004067374860321497,0.0063403998910008365,0.00022180399151423846
burgers,burgers_phys1_rank0.1_s11,11,1.0,0.1,5000,1.0,0.006252107855218608,3.986112466769651e-05,2.9798806885314466e-06,0.0003494365837031862,0.006375629722130368,0.00047662016675610494
burgers,burgers_phys1_rank0.1_s11,12,1.0,0.1,5000,1.0,0.008454654013496325,3.847885273560693e-05,2.3469092647617508e-06,0.00037741713408797776,0.004551203712674984,0.000277587854099687
burgers,burgers_phys1_rank0.1_s11,13,1.0,0.1,5000,1.0,0.00815522568365711,9.214494699891932e-05,2.8673769959092237e-06,0.0002772751882813808,0.011298883755427607,0.0003515999565352781
burgers,burgers_phys1_rank0.1_s11,14,1.0,0.1,5000,1.0,0.005126818570598956,2.6663751828464287e-05,1.7702632729331681e-06,0.00046739077988011603,0.005200837802487169,0.00034529469856514774
burgers,burgers_phys1_rank0.1_s11,15,1.0,0.1,5000,1.0,0.004750632592345591,2.2332670280316628e-05,1.0645104811551836e-06,0.0004089630876024995,0.0047009887307008155,0.00022407762765539168
burgers,burgers_phys1_rank0.1_s11,16,1.0,0.1,5000,1.0,0.008521220210808212,4.263243089379925e-05,3.0119140724265346e-06,0.0004150072423758523,0.005003089914250167,0.0003534604197420294
burgers,burgers_phys1_rank0.1_s11,17,1.0,0.1,5000,1.0,0.006873857274495462,4.275442911404215e-05,2.5572452713935356e-06,0.00024158673849656174,0.006219859884591553,0.0003720247845240919
burgers,burgers_phys1_rank0.1_s11,18,1.0,0.1,5000,1.0,0.006372253333260345,3.152983423605509e-05,2.1459823739978783e-06,0.0004708992710923321,0.004947988189905021,0.0003367697832722373
burgers,burgers_phys1_rank0.1_s11,19,1.0,0.1,5000,1.0,0.007431095486839822,4.2441360393133436e-05,3.963829353462704e-06,0.0005583811814927103,0.0057113194774976875,0.0005334111720785299
burgers,burgers_phys1_rank1_s11,0,1.0,1.0,5000,1.0,0.005539175525148819,2.8669634636354146e-05,1.934857913052313e-06,0.0008737967633747103,0.005175794575598665,0.00034930431510388546
burgers,burgers_phys1_rank1_s11,1,1.0,1.0,5000,1.0,0.010306621937648414,3.0117436155049787e-05,4.030830945655602e-06,0.002209809586788213,0.0029221442619366575,0.0003910913750441968
burgers,burgers_phys1_rank1_s11,2,1.0,1.0,5000,1.0,0.010063515658523703,3.857329885829527e-05,2.568174336265722e-06,0.00255553864641718,0.0038329844327935282,0.0002551965360227271
burgers,burgers_phys1_rank1_s11,3,1.0,1.0,5000,1.0,0.007461410389519419,3.6141493218664713e-05,3.4879638367490893e-06,0.0017042711507050587,0.004843788416923217,0.00046746709464586157
burgers,burgers_phys1_rank1_s11,4,1.0,1.0,5000,1.0,0.005335386686312502,2.3225634481245777e-05,9.581904932494236e-07,0.0018943455998114084,0.004353130493958243,0.00017959157406670877
burgers,burgers_phys1_rank1_s11,5,1.0,1.0,5000,1.0,0.007104272085346057,4.243739235101375e-05,3.7406877513285753e-06,0.001479862582504018,0.005973503244413897,0.0005265406091419938
burgers,burgers_phys1_rank1_s11,6,1.0,1.0,5000,1.0,0.005786742575450353,3.897171415913331e-05,3.330573903135788e-06,0.0013156398923064936,0.006734654885888083,0.0005755524562757289
burgers,burgers_phys1_rank1_s11,7,1.0,1.0,5000,1.0,0.006474386631633853,5.2342169688347725e-05,4.087563484641331e-06,0.0018097232923189308,0.008084498604486158,0.000631343742227178
burgers,burgers_phys1_rank1_s11,8,1.0,1.0,5000,1.0,0.0080684295071202,4.315832536243726e-05,2.8317919061394464e-06,0.001747415064908123,0.005349036677379538,0.0003509718841368641
burgers,burgers_phys1_rank1_s11,9,1.0,1.0,5000,1.0,0.0067113066465266285,4.327295465948982e-05,2.4681341500917397e-06,0.0014656749380981538,0.006447768957463048,0.00036775761861054264
burgers,burgers_phys1_rank1_s11,10,1.0,1.0,5000,1.0,0.007193522906701927,4.41979603601549e-05,1.9742488098450653e-06,0.0010902605578605505,0.006144132844698023,0.0002744481160970147
burgers,burgers_phys1_rank1_s11,11,1.0,1.0,5000,1.0,0.006191336569928768,3.94577743734282e-05,3.5530147732827695e-06,0.0014802670863866892,0.00637306241193122,0.00057386878150668
burgers,burgers_phys1_rank1_s11,12,1.0,1.0,5000,1.0,0.008293779217563663,3.792681640075747e-05,2.785883055199388e-06,0.0014014438039182397,0.004572923320702846,0.0003359003154195072
burgers,burgers_phys1_rank1_s11,13,1.0,1.0,5000,1.0,0.008334734612440678,9.32930068137809e-05,2.720831789208764e-06,0.0016394844300011055,0.01119327862875549,0.000326444921851209
burgers,burgers_phys1_rank1_s11,14,1.0,1.0,5000,1.0,0.004922828402386739,2.6471053729049744e-05,2.0620919851975524e-06,0.0018074141072278319,0.005377204234097569,0.00041888358005690116
burgers,burgers_phys1_rank1_s11,15,1.0,1.0,5000,1.0,0.004640582400954335,2.2898150680047104e-05,1.336592638431687e-06,0.0016242232291234845,0.0049343269231332055,0.0002880226064204392
burgers,burgers_phys1_rank1_s11,16,1.0,1.0,5000,1.0,0.008352409897459159,4.202227436740938e-05,4.243413631834881e-06,0.001575826207409183,0.0050311556644499385,0.0005080466217451501
burgers,burgers_phys1_rank1_s11,17,1.0,1.0,5000,1.0,0.006592988973928692,4.226435651175228e-05,3.084198207076866e-06,0.0011576419888586608,0.006410500105321335,0.00046779969134985906
burgers,burgers_phys1_rank1_s11,18,1.0,1.0,5000,1.0,0.006468226841605601,3.1961183316616764e-05,1.989897383344261e-06,0.0018417827321860409,0.004941258879641128,0.00030764186724940385
burgers,burgers_phys1_rank1_s11,19,1.0,1.0,5000,1.0,0.0075159221496007315,4.195398345643659e-05,3.833263423930383e-06,0.0020521603508782053,0.005582014105702959,0.0005100190432565906
heat,P_s11,0,0.01,0.1,5000,1.0,0.0028210466451016273,5.189654378536997e-07,2.6086614605652614e-07,0.00020204408200192168,0.00018396201947061539,9.247140472118231e-05
heat,P_s11,1,0.01,0.1,5000,1.0,0.0019736630284563493,2.456768572704947e-07,3.636155741487717e-07,0.0003397782196816998,0.00012447761027506538,0.00018423386814575153
heat,P_s11,2,0.01,0.1,5000,1.0,0.0014488339820080268,1.1127420335459567e-07,1.6507231167561743e-07,0.0008603243843381522,7.680259072911446e-05,0.0001139345941119035
heat,P_s11,3,0.01,0.1,5000,1.0,0.0017712101423430224,1.5463195394280658e-07,1.730416243517213e-07,0.00024152493462260713,8.73029971126146e-05,9.769683461885299e-05
heat,P_s11,4,0.01,0.1,5000,1.0,0.003649096683256166,2.244019173853535e-07,1.177259262544824e-07,0.0004501328181795407,6.14951964454707e-05,3.226166267248174e-05
heat,P_s11,5,0.01,0.1,5000,1.0,0.003299112142055257,3.3301133171264783e-07,4.99891453378704e-07,0.0009066932440325255,0.00010093968236714464,0.00015152302554568065
heat,P_s11,6,0.01,0.1,5000,1.0,0.0019927065005664363,2.015969586467348e-07,1.2834695198004993e-07,0.00033292155757633305,0.00010116741155279511,6.44083571482136e-05
heat,P_s11,7,0.01,0.1,5000,1.0,0.001239812278997852,2.2997870357919965e-07,2.0094122275832868e-07,0.0005246763527367691,0.00018549477810067574,0.00016207390922176598
heat,P_s11,8,0.01,0.1,5000,1.0,0.0014798266766929999,2.503703616957846e-07,2.990928419147789e-07,0.0010201490542820193,0.0001691889770870279,0.00020211342762327278
heat,P_s11,9,0.01,0.1,5000,1.0,0.0016569991867899912,1.5078868373430864e-07,1.8625644921274374e-07,0.0006601463921984337,9.100106079498014e-05,0.00011240587846851488
heat,P_s11,10,0.01,0.1,5000,1.0,0.002530293548532082,9.47157775397155e-08,1.1488996951233103e-07,0.0009158374532256589,3.743272301139276e-05,4.540578684199823e-05
heat,P_s11,11,0.01,0.1,5000,1.0,0.003603813123794648,4.4079690344024873e-07,1.258197637730372e-07,0.0004698553642638427,0.00012231402914036508,3.491295454314646e-05
heat,P_s11,12,0.01,0.1,5000,1.0,0.002041121752371828,3.8478125826916726e-07,1.452419864563331e-07,0.00017141222423588547,0.00018851460370849658,7.115792396389816e-05
heat,P_s11,13,0.01,0.1,5000,1.0,0.0019348820275628133,1.1553100956034346e-07,2.8300169417758023e-07,0.00020293543545045372,5.97095884475535e-05,0.00014626302283351637
heat,P_s11,14,0.01,0.1,5000,1.0,0.002247543361885166,2.0609241953069846e-07,1.965182076852935e-07,0.0006227527374188311,9.169674900413706e-05,8.743689266153264e-05
heat,P_s11,15,0.01,0.1,5000,1.0,0.004077009811211654,2.4905573149753186e-07,2.0372872692822137e-07,0.0002241530729126882,6.108784207794549e-05,4.997013408404697e-05
heat,P_s11,16,0.01,0.1,5000,1.0,0.0034790592516155384,1.4118412983775348e-07,1.44031402691868e-07,0.00024088849376198678,4.058112254690492e-05,4.139952564044015e-05
heat,P_s11,17,0.01,0.1,5000,1.0,0.005788690154449535,1.984879437638022e-07,1.364609478627077e-07,0.000554774872367213,3.428892175395369e-05,2.3573717753370447e-05
heat,P_s11,18,0.01,0.1,5000,1.0,0.0021800381664375664,7.744748567123895e-08,2.3381901226064782e-07,0.00034692708388703205,3.552574760550962e-05,0.00010725454987915878
heat,P_s11,19,0.01,0.1,5000,1.0,0.003068424420334874,4.88778052737879e-07,2.673406455931965e-07,0.0013075792731614166,0.00015929284407289915,8.71263583425725e-05
heat,heat_phys0.01_rank1_s11,0,0.01,1.0,5000,1.0,0.0030176718850370918,3.4049771910230077e-07,1.0195304808643348e-07,0.0025594396698367813,0.00011283457316570238,3.3785332524705656e-05
heat,heat_phys0.01_rank1_s11,1,0.01,1.0,5000,1.0,0.0015367452181558963,2.2930869883806273e-07,2.8237513523916965e-07,0.0031354618369889516,0.0001492171220895254,0.00018374882960626456
heat,heat_phys0.01_rank1_s11,2,0.01,1.0,5000,1.0,0.0007658180942635335,8.639925901166495e-08,1.6684995989811951e-07,0.002953340451633377,0.00011281955814161426,0.0002178715299990066
heat,heat_phys0.01_rank1_s11,3,0.01,1.0,5000,1.0,0.003303701559353952,1.2647288559194408e-07,1.3834628981402402e-07,0.0036976908637106794,3.8282176316397115e-05,4.187614629484814e-05
heat,heat_phys0.01_rank1_s11,4,0.01,1.0,5000,1.0,0.003777737241408833,2.6837602712502663e-07,8.797465210818178e-08,0.001993384084771818,7.104147535283346e-05,2.328765779257145e-05
heat,heat_phys0.01_rank1_s11,5,0.01,1.0,5000,1.0,0.002863994991425348,2.087259721839914e-07,1.829063419942266e-07,0.0022228253163739382,7.287930768346527e-05,6.386405791275427e-05
heat,heat_phys0.01_rank1_s11,6,0.01,1.0,5000,1.0,0.0019217696121368861,2.2418141860532727e-07,4.0044457902423894e-08,0.001296767290712817,0.00011665363901557988,2.083728332965833e-05
heat,heat_phys0.01_rank1_s11,7,0.01,1.0,5000,1.0,0.004422899173919107,1.7794186528331352e-07,1.4301528335422667e-07,0.00517958883760034,4.0231951551733026e-05,3.233518959635284e-05
heat,heat_phys0.01_rank1_s11,8,0.01,1.0,5000,1.0,0.004400484705632407,1.6483365746953183e-07,1.277326949244773e-07,0.00322491212817563,3.7458068484717774e-05,2.9026960316663673e-05
heat,heat_phys0.01_rank1_s11,9,0.01,1.0,5000,1.0,0.0033551435531512424,2.3124761486068382e-07,1.856034317675407e-07,0.0010000572445085685,6.892331466517722e-05,5.5319073186366916e-05
heat,heat_phys0.01_rank1_s11,10,0.01,1.0,5000,1.0,0.0014122057932539462,1.3329285398252698e-07,1.022931441448864e-07,0.005393515498149001,9.438628181477651e-05,7.243501239942287e-05
heat,heat_phys0.01_rank1_s11,11,0.01,1.0,5000,1.0,0.0024151139332409585,3.8196087077456557e-07,1.1316000626832115e-07,0.0019720444990755396,0.00015815438995128223,4.685493496220538e-05
heat,heat_phys0.01_rank1_s11,12,0.01,1.0,5000,1.0,0.003222155983653988,2.3519942006284874e-07,7.37788842485308e-08,0.002093761940188949,7.299442399933972e-05,2.2897365808114632e-05
heat,heat_phys0.01_rank1_s11,13,0.01,1.0,5000,1.0,0.0007449680993278564,1.232692146858891e-07,2.168382552476201e-07,0.004764046167870857,0.0001654691184724663,0.00029107052428588726
heat,heat_phys0.01_rank1_s11,14,0.01,1.0,5000,1.0,0.0040056777879728675,2.207266779730471e-07,1.0941804438353765e-07,0.0012452534258838906,5.510345306249635e-05,2.7315737853920167e-05
heat,heat_phys0.01_rank1_s11,15,0.01,1.0,5000,1.0,0.004677770185931172,1.3789815481670568e-07,1.5054870915740226e-07,0.0026268357602750735,2.9479463363002993e-05,3.218386179171253e-05
heat,heat_phys0.01_rank1_s11,16,0.01,1.0,5000,1.0,0.004169476561311209,1.1333425052852873e-07,1.2989959434829116e-07,0.002554738049180749,2.7181889347973113e-05,3.115489257180056e-05
heat,heat_phys0.01_rank1_s11,17,0.01,1.0,5000,1.0,0.0017516641694051778,1.934593411647578e-07,5.88347773911584e-08,0.00259393165163056,0.0001104431685843365,3.3587932218272894e-05
heat,heat_phys0.01_rank1_s11,18,0.01,1.0,5000,1.0,0.001284598100893293,1.384176477450797e-07,2.146132131680018e-07,0.002551590785972757,0.0001077517144458067,0.00016706642569280038
heat,heat_phys0.01_rank1_s11,19,0.01,1.0,5000,1.0,0.003438999351814414,5.55737294955587e-07,3.274224467084509e-07,0.006638767332873546,0.00016159854600216204,9.520863868023209e-05
heat,heat_phys0.1_rank0.1_s11,0,0.1,0.1,5000,1.0,0.002821842185151358,5.181609691760452e-06,2.5978912718169526e-06,0.00020229381717434345,0.0018362507014128152,0.0009206366271959348
heat,heat_phys0.1_rank0.1_s11,1,0.1,0.1,5000,1.0,0.0019742723243965877,2.449534881366222e-06,3.6255475320205676e-06,0.00034005268894892805,0.0012407279639676317,0.001836396877583072
heat,heat_phys0.1_rank0.1_s11,2,0.1,0.1,5000,1.0,0.0014474147338073148,1.1133874718630232e-06,1.6438984576466813e-06,0.0008603957316351781,0.000769224912430138,0.0011357480473634057
heat,heat_phys0.1_rank0.1_s11,3,0.1,0.1,5000,1.0,0.0017710589961104346,1.5474703212866684e-06,1.7240611879551644e-06,0.0002416499590187195,0.0008737542479867654,0.0009734634429126946
heat,heat_phys0.1_rank0.1_s11,4,0.1,0.1,5000,1.0,0.0036482289562427515,2.2485162298586314e-06,1.174202315362892e-06,0.000450414700088683,0.0006163308983146551,0.00032185543436182327
heat,heat_phys0.1_rank0.1_s11,5,0.1,0.1,5000,1.0,0.003300422063853804,3.316365262290502e-06,4.9784868582929585e-06,0.0009064576393267909,0.0010048306544218413,0.0015084394547040835
heat,heat_phys0.1_rank0.1_s11,6,0.1,0.1,5000,1.0,0.0019950514927512724,2.016854729456727e-06,1.2860334200813026e-06,0.0003329147467343624,0.0010109286586259421,0.000644611642733993
heat,heat_phys0.1_rank0.1_s11,7,0.1,0.1,5000,1.0,0.0012420072527564345,2.2948593535551493e-06,2.0078347351055674e-06,0.00052452393109275,0.0018477020552513518,0.0016166046781526456
heat,heat_phys0.1_rank0.1_s11,8,0.1,0.1,5000,1.0,0.0014799796206752711,2.4967060580489313e-06,2.9783974995841297e-06,0.0010205999386718814,0.0016869867822299862,0.002012458454140858
heat,heat_phys0.1_rank0.1_s11,9,0.1,0.1,5000,1.0,0.0016579885257847712,1.5134348994890487e-06,1.8551791539298737e-06,0.0006605586466493017,0.0009128138560384178,0.0011189336506727432
heat,heat_phys0.1_rank0.1_s11,10,0.1,0.1,5000,1.0,0.002529595988402175,9.443167709965984e-07,1.1463350338656188e-06,0.0009169315118369095,0.0003733073484169613,0.0004531692171878023
heat,heat_phys0.1_rank0.1_s11,11,0.1,0.1,5000,1.0,0.0036012713462110165,4.4159442360864875e-06,1.2518353283482788e-06,0.00047060939389598845,0.0012262181356405169,0.00034760927683646074
heat,heat_phys0.1_rank0.1_s11,12,0.1,0.1,5000,1.0,0.0020406378129160037,3.8383968438063085e-06,1.448066974979946e-06,0.00017161706811310724,0.001880978985840396,0.0007096148889403879
heat,heat_phys0.1_rank0.1_s11,13,0.1,0.1,5000,1.0,0.00193179588303438,1.1454399555228786e-06,2.8238607840903274e-06,0.00020281680679700562,0.0005929404682878151,0.001461780102592791
heat,heat_phys0.1_rank0.1_s11,14,0.1,0.1,5000,1.0,0.0022477881608119416,2.0602861687876917e-06,1.9531064427334986e-06,0.0006231061769901055,0.0009165837798716225,0.000868901472471499
heat,heat_phys0.1_rank0.1_s11,15,0.1,0.1,5000,1.0,0.0040778158227598475,2.4953635819104806e-06,2.0303105169153274e-06,0.00022409284191955416,0.0006119363135487639,0.0004978916668044174
heat,heat_phys0.1_rank0.1_s11,16,0.1,0.1,5000,1.0,0.003476666990773793,1.4118579701569349e-06,1.4397586001548888e-06,0.00024107098707108903,0.0004060952555719756,0.00041412036412335405
heat,heat_phys0.1_rank0.1_s11,17,0.1,0.1,5000,1.0,0.005788102868499081,1.9798419410227455e-06,1.359721968934858e-06,0.0005551246780511951,0.0003420536894390304,0.0002349166902915547
heat,heat_phys0.1_rank0.1_s11,18,0.1,0.1,5000,1.0,0.0021785747834826953,7.716283731024972e-07,2.326933165332365e-06,0.0003465635191402173,0.00035418952746206077,0.001068098824504203
heat,heat_phys0.1_rank0.1_s11,19,0.1,0.1,5000,1.0,0.0030664478845940724,4.8763095052456695e-06,2.6638803707264427e-06,0.0013085684569858764,0.001590214374666009,0.0008687186187346796
heat,heat_phys0.1_rank1_s11,0,0.1,1.0,5000,1.0,0.00301736745316813,3.3998681606093233e-06,1.0138474543631392e-06,0.0025595863022551866,0.0011267663661711407,0.00033600397369522723
heat,heat_phys0.1_rank1_s11,1,0.1,1.0,5000,1.0,0.0015361673233694677,2.291282081027314e-06,2.814355041542568e-06,0.003137218372937651,0.0014915576227735132,0.001832062822017
heat,heat_phys0.1_rank1_s11,2,0.1,1.0,5000,1.0,0.0007649264998111313,8.664287387819326e-07,1.6604349318762702e-06,0.0029548284029208885,0.0011326954145213473,0.0021707117380379026
heat,heat_phys0.1_rank1_s11,3,0.1,1.0,5000,1.0,0.003304955904638374,1.2626022806418204e-06,1.3787550466812252e-06,0.003699906233162753,0.0003820330186160149,0.00041717804608109823
heat,heat_phys0.1_rank1_s11,4,0.1,1.0,5000,1.0,0.003776650260486292,2.686990968972568e-06,8.776570630046268e-07,0.0019935433081391283,0.0007114746623709296,0.00023239034659556143
heat,heat_phys0.1_rank1_s11,5,0.1,1.0,5000,1.0,0.002864646442188914,2.080635128698539e-06,1.8154336792893605e-06,0.0022235946174915117,0.0007263148073200609,0.0006337374318005414
heat,heat_phys0.1_rank1_s11,6,0.1,1.0,5000,1.0,0.0019224431390996442,2.243491038476914e-06,3.991402476851223e-07,0.0012962634255692536,0.0011669999454587921,0.00020762135408179373
heat,heat_phys0.1_rank1_s11,7,0.1,1.0,5000,1.0,0.0044233219545265785,1.775751327007163e-06,1.4222694829233705e-06,0.005180266738147756,0.00040145197325959037,0.0003215387660099894
heat,heat_phys0.1_rank1_s11,8,0.1,1.0,5000,1.0,0.004400840216720452,1.6445914244822954e-06,1.2689957078267408e-06,0.0032267125764607165,0.00037369941726897335,0.00028835305199342333
heat,heat_phys0.1_rank1_s11,9,0.1,1.0,5000,1.0,0.0033558698079387194,2.316633869636959e-06,1.8490398554997988e-06,0.001000008631019733,0.0006903229273545353,0.000550986766866125
heat,heat_phys0.1_rank1_s11,10,0.1,1.0,5000,1.0,0.0014117339147950627,1.3288915958239987e-06,1.019424582958362e-06,0.005391136566378076,0.0009413187442032304,0.0007221081623631242
heat,heat_phys0.1_rank1_s11,11,0.1,1.0,5000,1.0,0.0024141325901756074,3.824059389062152e-06,1.1264860678803168e-06,0.0019721394011520087,0.001584030390304281,0.00046662145752250276
heat,heat_phys0.1_rank1_s11,12,0.1,1.0,5000,1.0,0.0032223704745565638,2.349225185226816e-06,7.312719676936085e-07,0.0020936395957681163,0.0007290363425856852,0.0002269360315542986
heat,heat_phys0.1_rank1_s11,13,0.1,1.0,5000,1.0,0.0007445335644578725,1.227557376153851e-06,2.161920300304937e-06,0.004763591828969983,0.0016487602906763367,0.0029037244303137975
heat,heat_phys0.1_rank1_s11,14,0.1,1.0,5000,1.0,0.004006632422032233,2.203401449556957e-06,1.0897228556854656e-06,0.0012457974616771168,0.000549938506322812,0.00027197974281173
heat,heat_phys0.1_rank1_s11,15,0.1,1.0,5000,1.0,0.004678651328935592,1.380792882086378e-06,1.4993256768818523e-06,0.002627226439813625,0.0002951262628926257,0.000320461084075473
heat,heat_phys0.1_rank1_s11,16,0.1,1.0,5000,1.0,0.004167950994903791,1.1329425092569683e-06,1.2981150958933419e-06,0.002555466352440374,0.00027182241601262394,0.0003114516215475096
heat,heat_phys0.1_rank1_s11,17,0.1,1.0,5000,1.0,0.0017512181947900423,1.9342264621418616e-06,5.832518487209393e-07,0.0025948536274906725,0.0011045034067692294,0.0003330549273963355
heat,heat_phys0.1_rank1_s11,18,0.1,1.0,5000,1.0,0.0012839949019113669,1.3860545532303273e-06,2.1394988928644355e-06,0.0025505465374506815,0.0010794860253471672,0.0016662830122452647
heat,heat_phys0.1_rank1_s11,19,0.1,1.0,5000,1.0,0.003438213515975129,5.548743717390872e-06,3.2645180990076842e-06,0.0066386319534671116,0.001613845007475391,0.0009494809103156637
heat,heat_phys1_rank0.1_s11,0,1.0,0.1,5000,1.0,0.0028206298093768852,5.1139300841709427e-05,2.507308498221762e-05,0.00020376171519440284,0.01813045464941987,0.008889179607641103
heat,heat_phys1_rank0.1_s11,1,1.0,0.1,5000,1.0,0.0019865472828842095,2.3871236216803078e-05,3.538854731182535e-05,0.0003511757077960008,0.012016445026239261,0.017814097664187362
heat,heat_phys1_rank0.1_s11,2,1.0,0.1,5000,1.0,0.0014394943659411655,1.1191978508113508e-05,1.591698130151938e-05,0.0008581891615734817,0.007774937348084725,0.011057341854278528
heat,heat_phys1_rank0.1_s11,3,1.0,0.1,5000,1.0,0.0017739665580480317,1.5596478840842714e-05,1.6596284649368602e-05,0.0002408106551775641,0.008791867450987442,0.009355466468110975
heat,heat_phys1_rank0.1_s11,4,1.0,0.1,5000,1.0,0.003641952044027389,2.288213032072401e-05,1.1474647068030205e-05,0.0004547260722526061,0.006282930155066019,0.003150685931421867
heat,heat_phys1_rank0.1_s11,5,1.0,0.1,5000,1.0,0.0033116673193358676,3.196113890655615e-05,4.800436532639441e-05,0.0009078658155382895,0.009651071748645858,0.014495527689665808
heat,heat_phys1_rank0.1_s11,6,1.0,0.1,5000,1.0,0.0020203129375005076,2.0266338259113955e-05,1.3030011451226097e-05,0.0003350713772174709,0.01003128667986806,0.006449501564518305
heat,heat_phys1_rank0.1_s11,7,1.0,0.1,5000,1.0,0.001252908521640461,2.2530732494832974e-05,1.9949045098094165e-05,0.0005219013587914121,0.01798274343711302,0.01592218805565664
heat,heat_phys1_rank0.1_s11,8,1.0,0.1,5000,1.0,0.001481159462898359,2.4396226743338567e-05,2.8699452709870626e-05,0.0010297684616370382,0.016471033237433867,0.019376342270204336
heat,heat_phys1_rank0.1_s11,9,1.0,0.1,5000,1.0,0.001668815714660329,1.5635836361003137e-05,1.7956812987583096e-05,0.0006714711982379078,0.00936942061585611,0.010760213263714399
heat,heat_phys1_rank0.1_s11,10,1.0,0.1,5000,1.0,0.002525993117394668,9.206265373699826e-06,1.1252916219308149e-05,0.0009288645053074896,0.0036446122162024142,0.004454848329481795
heat,heat_phys1_rank0.1_s11,11,1.0,0.1,5000,1.0,0.003576994797673051,4.49110328790433e-05,1.195369242922115e-05,0.00047215154918309014,0.01255552088257421,0.0033418255002767706
heat,heat_phys1_rank0.1_s11,12,1.0,0.1,5000,1.0,0.0020364250663220734,3.750804289630962e-05,1.4078457406106153e-05,0.00017493790228085272,0.018418572584186353,0.006913319639859293
heat,heat_phys1_rank0.1_s11,13,1.0,0.1,5000,1.0,0.0019042537264481955,1.0611261679793135e-05,2.7703934434322985e-05,0.00020507637220351375,0.005572399062379785,0.014548447010785807
heat,heat_phys1_rank0.1_s11,14,1.0,0.1,5000,1.0,0.0022540313733854012,2.0588757522931847e-05,1.841841638932493e-05,0.0006268974799170407,0.009134192969110692,0.00817132210616116
heat,heat_phys1_rank0.1_s11,15,1.0,0.1,5000,1.0,0.004078932765472821,2.5393376959988407e-05,1.9680728904276074e-05,0.00022461726404804803,0.006225495348915089,0.004824970166428994
heat,heat_phys1_rank0.1_s11,16,1.0,0.1,5000,1.0,0.0034463360427047464,1.4184634394435946e-05,1.4340552084846575e-05,0.00024404291156802796,0.004115859341245084,0.004161100922007551
heat,heat_phys1_rank0.1_s11,17,1.0,0.1,5000,1.0,0.005792235141421389,1.935524432681707e-05,1.3185568902779498e-05,0.0005645952061503432,0.003341584699903495,0.0022764215507217506
heat,heat_phys1_rank0.1_s11,18,1.0,0.1,5000,1.0,0.002160902589778439,7.440894967811452e-06,2.2237384985070266e-05,0.0003518678231588655,0.0034434198945424836,0.010290785475596243
heat,heat_phys1_rank0.1_s11,19,1.0,0.1,5000,1.0,0.003059797036682258,4.786635777048547e-05,2.5883444637991247e-05,0.00129091315129524,0.015643638187971785,0.008459203119582304
heat,heat_phys1_rank1_s11,0,1.0,1.0,5000,1.0,0.0030129787841848684,3.3542180794705485e-05,9.630475207230384e-06,0.002561251834866739,0.011132564547340478,0.0031963302422774323
heat,heat_phys1_rank1_s11,1,1.0,1.0,5000,1.0,0.0015311186406722886,2.2750339477938003e-05,2.7278849300633644e-05,0.003148660535019905,0.014858639215540285,0.017816287109309804
heat,heat_phys1_rank1_s11,2,1.0,1.0,5000,1.0,0.0007570706356670758,8.8878186300574e-06,1.5870542308755505e-05,0.002962671804856768,0.011739748196977812,0.0209630932188666
heat,heat_phys1_rank1_s11,3,1.0,1.0,5000,1.0,0.003316339846418763,1.243499869048169e-05,1.3353956474947683e-05,0.003700554265181573,0.003749615318800922,0.004026715322727948
heat,heat_phys1_rank1_s11,4,1.0,1.0,5000,1.0,0.0037665112653684682,2.7156120871678926e-05,8.589534461182727e-06,0.001991566549392736,0.007209887070129953,0.002280501465682576
heat,heat_phys1_rank1_s11,5,1.0,1.0,5000,1.0,0.002870496237141644,2.0208745889556327e-05,1.6909713143656138e-05,0.0022261583675730057,0.007040157596471752,0.005890867552745631
heat,heat_phys1_rank1_s11,6,1.0,1.0,5000,1.0,0.0019278981663029464,2.2583025293816717e-05,3.878095350592853e-06,0.0012989815997733367,0.011713806096472039,0.0020115664916211433
heat,heat_phys1_rank1_s11,7,1.0,1.0,5000,1.0,0.004426363830852149,1.743007821748561e-05,1.3498220495996843e-05,0.005179522096238403,0.00393778706033978,0.003049505420659966
heat,heat_phys1_rank1_s11,8,1.0,1.0,5000,1.0,0.004403141137771665,1.6110262641816027e-05,1.1932628235322546e-05,0.0032311756225357233,0.003658811320767493,0.0027100262884967147
heat,heat_phys1_rank1_s11,9,1.0,1.0,5000,1.0,0.0033623708149697596,2.353753160371453e-05,1.7840525165422395e-05,0.0010003520693551396,0.0070002783449469785,0.005305936241771374
heat,heat_phys1_rank1_s11,10,1.0,1.0,5000,1.0,0.0014072914228010858,1.2923333382295987e-05,9.869098247687968e-06,0.00538881900916974,0.009183125238248994,0.007012831946381385
heat,heat_phys1_rank1_s11,11,1.0,1.0,5000,1.0,0.0024055117557799264,3.864129609351614e-05,1.0797265582793947e-05,0.001971827919104429,0.0160636488267702,0.0044885524075492225
heat,heat_phys1_rank1_s11,12,1.0,1.0,5000,1.0,0.0032236052903058996,2.3249925644182767e-05,6.729960386029558e-06,0.002093151954439623,0.00721239840190748,0.002087712291038872
heat,heat_phys1_rank1_s11,13,1.0,1.0,5000,1.0,0.0007413543059257258,1.182089460783747e-05,2.1021951858178497e-05,0.004754120589394724,0.015945000269576598,0.02835614724315721
heat,heat_phys1_rank1_s11,14,1.0,1.0,5000,1.0,0.004015000529681779,2.1686266381456903e-05,1.0498819986573377e-05,0.0012459740245068837,0.005401310964005207,0.0026148987799524633
heat,heat_phys1_rank1_s11,15,1.0,1.0,5000,1.0,0.0046862803404340535,1.397090388598547e-05,1.4432576530395197e-05,0.0026310697499150166,0.0029812351953087497,0.003079750992672884
heat,heat_phys1_rank1_s11,16,1.0,1.0,5000,1.0,0.004154067222982206,1.130350169489152e-05,1.2887790837304713e-05,0.0025621328293193297,0.0027210685547781614,0.003102451199153336
heat,heat_phys1_rank1_s11,17,1.0,1.0,5000,1.0,0.0017473162032180724,1.9319582162279384e-05,5.382677295887812e-06,0.002602537870510774,0.011056717797670545,0.003080539907988269
heat,heat_phys1_rank1_s11,18,1.0,1.0,5000,1.0,0.0012789148334800002,1.4031489254666984e-05,2.0789973055784647e-05,0.0025463486319944086,0.010971402385322642,0.0162559480205683
heat,heat_phys1_rank1_s11,19,1.0,1.0,5000,1.0,0.0034311166971999854,5.4705853576566754e-05,3.1760237114709256e-05,0.006642972452054733,0.015944037584384785,0.009256530720924671
