pde,role,method,parents,estimate_percent,fixed_low,fixed_high,joint_low,joint_high,replicates
burgers,locked_nominal,B0,384,0.0,0.0,0.0,0.0,0.0,10000
burgers,locked_nominal,B1,384,27.48706953091026,23.256391292955982,31.95616425391362,24.077251155413624,31.084921669445507,10000
burgers,locked_nominal,P,384,28.039268047182514,23.54382630191871,32.87591566097035,24.329056084081625,32.028248598675845,10000
burgers,locked_nominal,P-no-rank,384,28.036190403559953,23.540358032252456,32.87316488013031,24.32570485968564,32.024915697784714,10000
burgers,locked_nominal,B4,384,27.88732030282371,23.427812276232938,32.699320293913715,24.17109808337343,31.861935596845935,10000
burgers,locked_nominal,B5,384,28.039268047182514,23.54382630191871,32.87591566097035,24.329056084081625,32.028248598675845,10000
burgers,locked_nominal,B2,384,4.381413791792765,3.7071454259517185,5.11500471136891,3.8200820080304636,4.982464480573832,10000
burgers,locked_nominal,B3,384,5.041144407483452,4.4043549744832795,5.7429840974108,4.486070028001825,5.646242320590817,10000
heat,locked_nominal,B0,384,0.0,0.0,0.0,0.0,0.0,10000
heat,locked_nominal,B1,384,12.510247177404096,11.698661552945575,13.313045289430043,11.038932273582823,14.095944928448938,10000
heat,locked_nominal,P,384,13.698054907775365,12.915362051182383,14.486317185651746,12.109900099414949,15.39768651499549,10000
heat,locked_nominal,P-no-rank,384,13.468662172020107,12.701024600336838,14.232228069692331,11.915208437151422,15.161620946929295,10000
heat,locked_nominal,B4,384,13.650652213252023,12.872630168245568,14.428714506946605,12.078579371069218,15.319594854311836,10000
heat,locked_nominal,B5,384,13.698056384134377,12.9153391506504,14.486276508420561,12.109837510479249,15.397771546907911,10000
heat,locked_nominal,B2,384,40.05060955715988,37.701055782886634,42.457998159730316,36.62349073852305,43.74734019764918,10000
heat,locked_nominal,B3,384,38.82616332964686,36.392704971571206,41.32352673558462,35.63174329917814,42.26331069223043,10000
burgers,locked_coefficient_ood,B0,128,0.0,0.0,0.0,0.0,0.0,10000
burgers,locked_coefficient_ood,B1,128,38.0139666950206,26.074279117757047,51.53691407941749,28.50905097979807,48.6016357414578,10000
burgers,locked_coefficient_ood,P,128,38.23271992816982,26.143032623689354,52.03474890189945,28.34141522613769,49.14964949193588,10000
burgers,locked_coefficient_ood,P-no-rank,128,38.95370252677961,26.467865065319998,53.18505465495138,29.008447904237453,49.77830974631897,10000
burgers,locked_coefficient_ood,B4,128,38.20074245464153,26.127964685079718,51.9562789992334,28.33407389941473,49.11557419387679,10000
burgers,locked_coefficient_ood,B5,128,38.23271992816982,26.143032623689354,52.03474890189945,28.34141522613769,49.14964949193588,10000
burgers,locked_coefficient_ood,B2,128,5.67700271380693,3.4979217396195277,8.284609847138142,3.982006573013197,7.5205152152949415,10000
burgers,locked_coefficient_ood,B3,128,5.735097241940519,3.774379330176367,8.050862937049967,4.240012767036976,7.371125636923362,10000
heat,locked_coefficient_ood,B0,128,0.0,0.0,0.0,0.0,0.0,10000
heat,locked_coefficient_ood,B1,128,23.61669280790472,21.150551128206267,26.11566054589105,20.220269258491275,27.578483003687115,10000
heat,locked_coefficient_ood,P,128,26.963472241125817,24.944647289934533,28.98073528596731,23.40130073674712,31.06802034784954,10000
heat,locked_coefficient_ood,P-no-rank,128,29.614380487689214,27.38264235952696,31.817215968042483,25.684171241343527,34.08894501321369,10000
heat,locked_coefficient_ood,B4,128,28.224679836897053,26.097783492821723,30.299208694474245,24.671050840754596,32.33317338662127,10000
heat,locked_coefficient_ood,B5,128,26.96335057984215,24.94452867018295,28.98049500493205,23.401298076965702,31.068013653187954,10000
heat,locked_coefficient_ood,B2,128,129.43472860036175,118.30963994841078,140.25798877009404,115.42610360492677,144.85673178634096,10000
heat,locked_coefficient_ood,B3,128,114.16008359083483,103.76335987803516,124.38106633630133,101.80990559809725,127.88750946356032,10000
burgers,locked_delay_dropout,B0,128,0.0,0.0,0.0,0.0,0.0,10000
burgers,locked_delay_dropout,B1,128,24.90631056936257,18.5130717668825,31.97563167515494,19.72715235872734,30.502522137531656,10000
burgers,locked_delay_dropout,P,128,25.026893789354638,18.626627759690773,32.140485277192845,19.77729651964654,30.643120195838563,10000
burgers,locked_delay_dropout,P-no-rank,128,25.040063989050648,18.650602329604126,32.1422805236589,19.790754407756094,30.649956227871172,10000
burgers,locked_delay_dropout,B4,128,25.0090725012945,18.60663876889652,32.11581301727178,19.765035610706533,30.616152537687267,10000
burgers,locked_delay_dropout,B5,128,25.026893789354638,18.626627759690773,32.140485277192845,19.77729651964654,30.643120195838563,10000
burgers,locked_delay_dropout,B2,128,4.154746892780749,3.265818030684023,5.146948592515631,3.4036585479994046,4.99070807930982,10000
burgers,locked_delay_dropout,B3,128,4.121006157777837,3.2827779513072013,5.078024072544869,3.3868686596805,4.971717836908687,10000
heat,locked_delay_dropout,B0,128,0.0,0.0,0.0,0.0,0.0,10000
heat,locked_delay_dropout,B1,128,9.131046827351765,8.481974884082069,9.802462394734956,7.477595177722583,11.148326684683177,10000
heat,locked_delay_dropout,P,128,10.4458674610071,9.806693179799828,11.084368417428626,8.536701343684108,12.79502381765661,10000
heat,locked_delay_dropout,P-no-rank,128,10.388734887613525,9.691076739356722,11.090713524042055,8.471036787985588,12.734042994238258,10000
heat,locked_delay_dropout,B4,128,10.184199046239463,9.589310186325923,10.791052911394075,8.34081082118937,12.430777726409197,10000
heat,locked_delay_dropout,B5,128,10.4458674610071,9.806693179799828,11.084368417428626,8.536701343684108,12.79502381765661,10000
heat,locked_delay_dropout,B2,128,37.31999570699326,32.97029192463638,41.853130874637884,32.19367690918943,43.31936501147942,10000
heat,locked_delay_dropout,B3,128,37.07969368128396,32.548206514925134,41.89097186575798,32.334911605528795,42.610466131284035,10000
