stage,pde,method,seed,condition,target_factor,update_cap,actual_updates,selected_update,validation_field_nrmse,accuracy_gate_005,validation_observer_nrmse,selection_score,selection_metric,selection_value,validation_teacher_regret,validation_teacher_best_agreement,process_wall_seconds,summary_path,summary_sha256
original,burgers,B2,11,B2_s11,1,3000,3000,3000,,,,,validation_action_mse,0.0024833885602220107,,,7.951508300000569,experiments\pdno_jevLite_20260927_v3\runs\confirmatory_v3_training\burgers\B2_s11.summary.json,1f808cb8c7bff157c31f7f752ebbe7cacbf1098605e8002279d9bb4e5b3e21dc
original,burgers,B2,23,B2_s23,1,3000,3000,3000,,,,,validation_action_mse,0.002499245888202495,,,7.762380000000121,experiments\pdno_jevLite_20260927_v3\runs\confirmatory_v3_training\burgers\B2_s23.summary.json,9ede6de7a9096783eb4688dd5433575d5c68dbc86e3f47e7108a44f15fc72a5e
original,burgers,B2,37,B2_s37,1,3000,3000,3000,,,,,validation_action_mse,0.002509058266696229,,,7.955681900028139,experiments\pdno_jevLite_20260927_v3\runs\confirmatory_v3_training\burgers\B2_s37.summary.json,515ec8e30a0992f45b420936ae3c2fb67b6812fd9439923b9d5aeb17ff17a501
original,burgers,B3,11,B3_s11,1,1000,1000,1000,,,,,selection_score,0.006519740028306842,,,6.998713300010422,experiments\pdno_jevLite_20260927_v3\runs\confirmatory_v3_training\burgers\B3_s11.summary.json,cd371f8bef36952439fff1a786140193b9c36d23e910295dc60e6c12547feb0f
original,burgers,B3,23,B3_s23,1,1000,1000,1000,,,,,selection_score,0.006534211523734257,,,7.101235899986932,experiments\pdno_jevLite_20260927_v3\runs\confirmatory_v3_training\burgers\B3_s23.summary.json,7b8cdddcf76433fe23305e52baf40ca1471a34a3b45f7874bebfeab95d4c85d3
original,burgers,B3,37,B3_s37,1,1000,1000,1000,,,,,selection_score,0.0065300957778305245,,,6.828871200006688,experiments\pdno_jevLite_20260927_v3\runs\confirmatory_v3_training\burgers\B3_s37.summary.json,2ba80fccd42d8e1b756c9e97bc6452c1be61f86e3e9a74b416c0f30752a9f596
original,burgers,B4,11,B4_s11,1,5000,5000,5000,0.1588338017463684,False,,0.0794169008731842,selection_score,0.0794169008731842,0.0,1.0,224.4793217999977,experiments\pdno_jevLite_20260927_v3\runs\confirmatory_v3_training\burgers\B4_s11.summary.json,036b617c5f4f2fcc82c7a647788cfe0cd555cbb3345f319a62ceebcc29b530bc
original,burgers,B4,23,B4_s23,1,5000,5000,5000,0.1591140627861023,False,,0.07955851226518007,selection_score,0.07955851226518007,2.9617442578455666e-06,0.984375,223.28118809999432,experiments\pdno_jevLite_20260927_v3\runs\confirmatory_v3_training\burgers\B4_s23.summary.json,a5d4adb91afd73eef1d9a1a28cd7f64af60f779a18cf53ece2c9013f141bd401
original,burgers,B4,37,B4_s37,1,5000,5000,5000,0.15918245911598206,False,,0.07959271043011995,selection_score,0.07959271043011995,2.9617442578455666e-06,0.984375,226.7012965999893,experiments\pdno_jevLite_20260927_v3\runs\confirmatory_v3_training\burgers\B4_s37.summary.json,dcbeeada64c87619cd7400c9ced5fb3936358ae6a4933606ddba064f0bb7c642
original,burgers,B5,11,B5_s11,1,5000,5000,5000,0.15825648605823517,False,,0.07912972390124651,selection_score,0.07912972390124651,2.9617442578455666e-06,0.984375,222.7953978999867,experiments\pdno_jevLite_20260927_v3\runs\confirmatory_v3_training\burgers\B5_s11.summary.json,e14848c6317a949ff5af106139c1d75e301e3f125f0d4ad95bd73f0b78151ef9
original,burgers,B5,23,B5_s23,1,5000,5000,5000,0.15979818999767303,False,,0.07990057587096544,selection_score,0.07990057587096544,2.9617442578455666e-06,0.984375,226.43464279998443,experiments\pdno_jevLite_20260927_v3\runs\confirmatory_v3_training\burgers\B5_s23.summary.json,58f3e6703810ed7cbf4a310b21762852f62c4d9b6fe87132981cc53bbe30744b
original,burgers,B5,37,B5_s37,1,5000,5000,5000,0.1618250012397766,False,,0.08095043810328661,selection_score,0.08095043810328661,7.587496679661854e-05,0.96875,223.81027099999483,experiments\pdno_jevLite_20260927_v3\runs\confirmatory_v3_training\burgers\B5_s37.summary.json,2f941db38efb8815c390d96c2731811c95d70a9900c06e703fbb8c74aae4e959
original,burgers,P-no-rank,11,P-no-rank_s11,1,5000,5000,5000,0.15845930576324463,False,,0.07923113375375124,selection_score,0.07923113375375124,2.9617442578455666e-06,0.984375,222.43605180000304,experiments\pdno_jevLite_20260927_v3\runs\confirmatory_v3_training\burgers\P-no-rank_s11.summary.json,88f69ee87f9215c8274c663885955288423813d8b21fcc5b12007e0f7fa5dc52
original,burgers,P-no-rank,23,P-no-rank_s23,1,5000,5000,5000,0.15994179248809814,False,,0.08000883372744738,selection_score,0.08000883372744738,7.587496679661854e-05,0.96875,223.6270511999901,experiments\pdno_jevLite_20260927_v3\runs\confirmatory_v3_training\burgers\P-no-rank_s23.summary.json,a67cea40b13c9349a242ee5b49e96efc70e2a1d22ebfc65e02cda1f40547805c
original,burgers,P-no-rank,37,P-no-rank_s37,1,5000,5000,5000,0.1619691103696823,False,,0.08102249266823947,selection_score,0.08102249266823947,7.587496679661854e-05,0.96875,223.2390194000036,experiments\pdno_jevLite_20260927_v3\runs\confirmatory_v3_training\burgers\P-no-rank_s37.summary.json,d9efa8bf97bb5562f8f80c0b47775caf983cb70501926cb93bed459bb63f8615
original,burgers,P,11,P_s11,1,5000,5000,5000,0.1582564264535904,False,,0.07912969409892412,selection_score,0.07912969409892412,2.9617442578455666e-06,0.984375,222.2122238999873,experiments\pdno_jevLite_20260927_v3\runs\confirmatory_v3_training\burgers\P_s11.summary.json,8a8bbeb4e430921c0e1f87aac8744c7f08839d99306ca21ec21f0ad613a81c72
original,burgers,P,23,P_s23,1,5000,5000,5000,0.15979814529418945,False,,0.07990055351922365,selection_score,0.07990055351922365,2.9617442578455666e-06,0.984375,221.8636617999873,experiments\pdno_jevLite_20260927_v3\runs\confirmatory_v3_training\burgers\P_s23.summary.json,be51f6d9a8afac26353a5d3734f71a96d13b64edd6df5ab374edbb22f7b59ae7
original,burgers,P,37,P_s37,1,5000,5000,5000,0.16182494163513184,False,,0.08095040830096423,selection_score,0.08095040830096423,7.587496679661854e-05,0.96875,223.99222980000195,experiments\pdno_jevLite_20260927_v3\runs\confirmatory_v3_training\burgers\P_s37.summary.json,538776955213729deb126321537e5afd94285614c6f3c73907726cd344ca5333
original,heat,B2,11,B2_s11,1,3000,3000,2500,,,,,validation_action_mse,0.0009708134203867402,,,7.966637300007278,experiments\pdno_jevLite_20260927_v3\runs\confirmatory_v3_training\heat\B2_s11.summary.json,8eb743a348a4ce46e11bfaac1cd7720a58c8ee324816a8eedefab505941d9bef
original,heat,B2,23,B2_s23,1,3000,3000,3000,,,,,validation_action_mse,0.0009617809785469333,,,7.721170000004349,experiments\pdno_jevLite_20260927_v3\runs\confirmatory_v3_training\heat\B2_s23.summary.json,b143b48bb3a2229c2c28557ec2578bb079ae672f08eda3094b87cb1da941a0ac
original,heat,B2,37,B2_s37,1,3000,3000,3000,,,,,validation_action_mse,0.0009849629617626476,,,8.005714400002034,experiments\pdno_jevLite_20260927_v3\runs\confirmatory_v3_training\heat\B2_s37.summary.json,1f0bcfa66c6f96576f137e6ccab9aa96c2a754ed1850eaa4ce1897c8b4d6310e
original,heat,B3,11,B3_s11,1,1000,1000,500,,,,,selection_score,0.3011718790896784,,,9.685828499990748,experiments\pdno_jevLite_20260927_v3\runs\confirmatory_v3_training\heat\B3_s11.summary.json,adfdf295ae70e90b3749a17ba58a79e86fa78bffd06718e822f99d68bddd016b
original,heat,B3,23,B3_s23,1,1000,1000,1000,,,,,selection_score,0.30123719608984,,,9.924349899985828,experiments\pdno_jevLite_20260927_v3\runs\confirmatory_v3_training\heat\B3_s23.summary.json,027e0a56cbb5f703a5691cfaacec9ac4f8821cb0659092c6146b8e3bd2c23839
original,heat,B3,37,B3_s37,1,1000,1000,500,,,,,selection_score,0.30138580055262076,,,9.80099039999186,experiments\pdno_jevLite_20260927_v3\runs\confirmatory_v3_training\heat\B3_s37.summary.json,de5f0c1c195d163f8534334043bef55ad6bac926881a0fde2c4e3a5026f54b90
original,heat,B4,11,B4_s11,1,5000,5000,5000,0.08341123908758163,False,,0.04173095431701768,selection_score,0.04173095431701768,5.0669546453718795e-05,0.953125,302.4848267000052,experiments\pdno_jevLite_20260927_v3\runs\confirmatory_v3_training\heat\B4_s11.summary.json,aef1cd353acebabbff703aaee39d67400afde8374aaf19f16c5d4a54a562d2fb
original,heat,B4,23,B4_s23,1,5000,5000,5000,0.08417071402072906,False,,0.04208535701036453,selection_score,0.04208535701036453,0.0,1.0,301.34938309999416,experiments\pdno_jevLite_20260927_v3\runs\confirmatory_v3_training\heat\B4_s23.summary.json,d7cd4033a91b671d3d6c9ce311ac4d33e7c4195afc2f3c87b5bb68e920eed925
original,heat,B4,37,B4_s37,1,5000,5000,5000,0.08306223899126053,False,,0.04153428588983843,selection_score,0.04153428588983843,6.332788416330004e-06,0.984375,299.9522158000036,experiments\pdno_jevLite_20260927_v3\runs\confirmatory_v3_training\heat\B4_s37.summary.json,6edda77a3743bd40f8f6c38692bd3175dc25859f723fc910ac32994bc7728fba
original,heat,B5,11,B5_s11,1,5000,5000,5000,0.07887617498636246,False,,0.039461570429239146,selection_score,0.039461570429239146,4.696587211583392e-05,0.96875,299.9893588999985,experiments\pdno_jevLite_20260927_v3\runs\confirmatory_v3_training\heat\B5_s11.summary.json,43ec1e1c98cce68ed779cb736c8e438d665e5904bfdeb5e02f07b259ba95df4a
original,heat,B5,23,B5_s23,1,5000,5000,5000,0.0835317000746727,False,,0.0417861665791861,selection_score,0.0417861665791861,4.0633083699503914e-05,0.984375,301.05497329999343,experiments\pdno_jevLite_20260927_v3\runs\confirmatory_v3_training\heat\B5_s23.summary.json,3ab478d666e656f332dc65eb44680892c222e53d7d88fd97c5cf202dc96300be
original,heat,B5,37,B5_s37,1,5000,5000,5000,0.08439676463603973,False,,0.04219838231801987,selection_score,0.04219838231801987,0.0,1.0,299.1878496000136,experiments\pdno_jevLite_20260927_v3\runs\confirmatory_v3_training\heat\B5_s37.summary.json,64c1a85adf478be52f645923b881ba402d03c87fbde33d1ba6cd6e7ca9057598
original,heat,P-no-rank,11,P-no-rank_s11,1,5000,5000,5000,0.07700414955615997,False,,0.038563906601893905,selection_score,0.038563906601893905,0.00012366364762783633,0.9375,299.36429900000803,experiments\pdno_jevLite_20260927_v3\runs\confirmatory_v3_training\heat\P-no-rank_s11.summary.json,2f0d1f5f41b46d91cb390133a390cc11624294912125a5253065b1d6ae6ff298
original,heat,P-no-rank,23,P-no-rank_s23,1,5000,5000,4500,0.08244631439447403,False,,0.041249292161865014,selection_score,0.041249292161865014,5.226992925599916e-05,0.953125,297.80973019998055,experiments\pdno_jevLite_20260927_v3\runs\confirmatory_v3_training\heat\P-no-rank_s23.summary.json,a1a3cbe8d275b57004c13afcabaa5ceb3d85b246ed99f3139a3e6d985264137c
original,heat,P-no-rank,37,P-no-rank_s37,1,5000,5000,5000,0.08400676399469376,False,,0.042005237452563016,selection_score,0.042005237452563016,3.7109104322752273e-06,0.96875,299.06622989999596,experiments\pdno_jevLite_20260927_v3\runs\confirmatory_v3_training\heat\P-no-rank_s37.summary.json,722610598ac3401a69116d9bc88bc1944815cee3311fc2bf49620ada759c13bb
original,heat,P,11,P_s11,1,5000,5000,5000,0.07887555658817291,False,,0.03946126123014437,selection_score,0.03946126123014437,4.696587211583392e-05,0.96875,296.4948559999757,experiments\pdno_jevLite_20260927_v3\runs\confirmatory_v3_training\heat\P_s11.summary.json,d626c48d8f30b883418852d758352f41d62efd0dd6de343397eb0c5cae78bf98
original,heat,P,23,P_s23,1,5000,5000,5000,0.08353152126073837,False,,0.04178607717221894,selection_score,0.04178607717221894,4.0633083699503914e-05,0.984375,300.37905310001224,experiments\pdno_jevLite_20260927_v3\runs\confirmatory_v3_training\heat\P_s23.summary.json,795b709a50d21c917069533b3789c090327f35a4aeb0e4ff727f9ef2d89ca227
original,heat,P,37,P_s37,1,5000,5000,5000,0.08439669758081436,False,,0.04219834879040718,selection_score,0.04219834879040718,0.0,1.0,296.6063746,experiments\pdno_jevLite_20260927_v3\runs\confirmatory_v3_training\heat\P_s37.summary.json,a156f89a6ef59d6eeb9dd63dd990096e0ead02cc6cb70cc9d7f8cdcb8ebfad4d
original,burgers,observer,7,burgers_seed7,1,1000,1000,1000,,,0.09369105100631714,,validation_nrmse,0.09369105100631714,,,9.415268600016134,experiments\pdno_jevLite_20260927_v3\runs\confirmatory_v3_training\observer\burgers_seed7.summary.json,732ebc1f31e9e613389120d979fcae74b45f70cb4865aaed29f302cf8265b25f
original,heat,observer,7,heat_seed7,1,1000,1000,900,,,0.0818866640329361,,validation_nrmse,0.0818866640329361,,,13.320622400002321,experiments\pdno_jevLite_20260927_v3\runs\confirmatory_v3_training\observer\heat_seed7.summary.json,eaccdb31a2b3460f007593ee4cadeef250f7af9f548e0cd71bd29253131c8351
