stage,role,pde,label,parents,cost_max_reconstruction_error,sha256
E1,locked_coefficient_ood,burgers,O-cand-obs,128,2.753736350058489e-09,52af482edf1ba6e53482059dc7a755911ce685851417a7a9fef736a379c6531f
E1,locked_coefficient_ood,burgers,O-cand-state,128,2.861025638623005e-09,a7ef010e1cd29267f9bd3e362c4850557da808f3ec979e20ae751504fd38e802
E1,locked_coefficient_ood,heat,O-cand-obs,128,9.134164713486825e-08,99b625dc98cf2f29ca9c90c5e6f236f9198808e23f0566b33af75f67d41f5314
E1,locked_coefficient_ood,heat,O-cand-state,128,9.060756411827242e-08,eead628bbe79fb01da1720981d348e859d76645db13e2f6d2fa6a95cf34a4452
E1,locked_delay_dropout,burgers,O-cand-obs,128,1.7255548101502427e-09,fc07ea29021162ad5c8cb42b44b12ae0ad8d28bbf9f53b61f30b6aa3d20f665e
E1,locked_delay_dropout,burgers,O-cand-state,128,1.7255545881056378e-09,0294e6dbd073543f3c249bf26673240d627b401d2741a899f1487514465832c6
E1,locked_delay_dropout,heat,O-cand-obs,128,6.88153782846257e-08,a50f593f38550651bed0be47d0e1f53b110f8d0a6fec351e222e3f91dd664980
E1,locked_delay_dropout,heat,O-cand-state,128,6.77883171817939e-08,3d04b0f587bd879c080bbd22ad35a02f6a37aadf2e6896b8823eb58a5781bc8d
E1,locked_nominal,burgers,O-cand-obs,384,3.5394609465555504e-09,6dc4f25b3040f39837f02e26c91f66329ed31950a3aad493a82e0f44df5bd7ae
E1,locked_nominal,burgers,O-cand-state,384,4.369307138318845e-09,827e8d4c090647a760ad6663c71432f5425a17f8a0c9f238f43b24bd0abe408a
E1,locked_nominal,heat,O-cand-obs,384,8.136438012229519e-08,bd6486760060947b951c3e2223e92cc5d109388d4bbc1ec1274be91f2cff0105
E1,locked_nominal,heat,O-cand-state,384,8.762967240727448e-08,afd7e4adfda2cfcd931fcea2631019de09afa92e5e778cb48f504c980ed199ff
E4,locked_coefficient_ood,burgers,burgers_phys0.01_rank1_s11,128,2.6643247608149068e-09,5baafbd5baf4a240d1d973d96889bb3d836a271827654abc2380dc10ed03de87
E4,locked_coefficient_ood,burgers,burgers_phys0.1_rank0.1_s11,128,2.6732709379473363e-09,b92ac94af5b100e1f0ff520a23d8b0fa325568a9e4717db6870ae0f8f359ee03
E4,locked_coefficient_ood,burgers,burgers_phys0.1_rank1_s11,128,2.6643247608149068e-09,5baafbd5baf4a240d1d973d96889bb3d836a271827654abc2380dc10ed03de87
E4,locked_coefficient_ood,burgers,burgers_phys1_rank0.1_s11,128,2.6732709379473363e-09,b92ac94af5b100e1f0ff520a23d8b0fa325568a9e4717db6870ae0f8f359ee03
E4,locked_coefficient_ood,burgers,burgers_phys1_rank1_s11,128,2.6643247608149068e-09,5baafbd5baf4a240d1d973d96889bb3d836a271827654abc2380dc10ed03de87
E4,locked_coefficient_ood,heat,heat_phys0.01_rank1_s11,128,3.9831544285107157e-08,c69bb08f42555f6671ad4cafbe7c385b4ee65039007052f467ba6787fdbd93b3
E4,locked_coefficient_ood,heat,heat_phys0.1_rank0.1_s11,128,4.016533505790676e-08,b3541672b11207640511adc7ae7e4ad11414e24d3ca6fe80436d9efba8a6db79
E4,locked_coefficient_ood,heat,heat_phys0.1_rank1_s11,128,3.9831544285107157e-08,c69bb08f42555f6671ad4cafbe7c385b4ee65039007052f467ba6787fdbd93b3
E4,locked_coefficient_ood,heat,heat_phys1_rank0.1_s11,128,4.016533505790676e-08,dcb291e8a66e97fefa20e899c616734e7c99b0ea41833adfd50920f79fc7e60f
E4,locked_coefficient_ood,heat,heat_phys1_rank1_s11,128,3.9831544285107157e-08,c69bb08f42555f6671ad4cafbe7c385b4ee65039007052f467ba6787fdbd93b3
E4,locked_delay_dropout,burgers,burgers_phys0.01_rank1_s11,128,7.8611450682331e-11,805343dde30d6cf578b3f09e079e2cf9dfe00b19ef1cec038281434e90858d81
E4,locked_delay_dropout,burgers,burgers_phys0.1_rank0.1_s11,128,7.8611450682331e-11,c02f4c4f66576017de2f4851067a9f245439c667986b18e8c5c5e91468e03ba5
E4,locked_delay_dropout,burgers,burgers_phys0.1_rank1_s11,128,7.8611450682331e-11,805343dde30d6cf578b3f09e079e2cf9dfe00b19ef1cec038281434e90858d81
E4,locked_delay_dropout,burgers,burgers_phys1_rank0.1_s11,128,7.8611450682331e-11,c02f4c4f66576017de2f4851067a9f245439c667986b18e8c5c5e91468e03ba5
E4,locked_delay_dropout,burgers,burgers_phys1_rank1_s11,128,7.8611450682331e-11,5089e8e90af718e96130af85302bd959ecd6cf78f31ceb6dd0fcb826bbc854b1
E4,locked_delay_dropout,heat,heat_phys0.01_rank1_s11,128,3.457442243615105e-08,2d2e168890963bd3ebfda8288d3174f16a6386a1c4848dfd08502a62143ab0ff
E4,locked_delay_dropout,heat,heat_phys0.1_rank0.1_s11,128,3.8000193214315914e-08,14801a0ef7b3734f9008b59e2ac1670179c4b2b88dc80da31f18b1bb77af50aa
E4,locked_delay_dropout,heat,heat_phys0.1_rank1_s11,128,3.457442243615105e-08,453f219a60dbd836da366a725565d838b94f08b32b093cf6a0d9244321ffffaa
E4,locked_delay_dropout,heat,heat_phys1_rank0.1_s11,128,3.8000193214315914e-08,63d4d8f1616f65e6be7fe196ca7437701c2da74b10f66d284933b03b92277a4a
E4,locked_delay_dropout,heat,heat_phys1_rank1_s11,128,3.457442243615105e-08,d5c90ea087d5cccd0f11d61d74db697f3f8d92eed6efb5dbfe01a52ba2287d35
E4,locked_nominal,burgers,burgers_phys0.01_rank1_s11,384,1.671911942224824e-09,165ef242a035e7f18426e027c92fec8f25bf73cc157bdf1ddbbf21752472609e
E4,locked_nominal,burgers,burgers_phys0.1_rank0.1_s11,384,1.6808503477960812e-09,e7d97547e4af2fdcce1b6e0f657834eb29d9bc0cbfdb6aa0d6f1929cb2c8e661
E4,locked_nominal,burgers,burgers_phys0.1_rank1_s11,384,1.671911942224824e-09,165ef242a035e7f18426e027c92fec8f25bf73cc157bdf1ddbbf21752472609e
E4,locked_nominal,burgers,burgers_phys1_rank0.1_s11,384,1.6808503477960812e-09,e7d97547e4af2fdcce1b6e0f657834eb29d9bc0cbfdb6aa0d6f1929cb2c8e661
E4,locked_nominal,burgers,burgers_phys1_rank1_s11,384,1.671911942224824e-09,b8b05c8969aa1a0d60f0851c5af9050460cec09b8ae3e02289a9cde9bf13ab75
E4,locked_nominal,heat,heat_phys0.01_rank1_s11,384,4.431831612805581e-08,27b2a6b7f4a2da3682feaf18c2e3196c00cbdd8753dd7e71af89b2c5a98ec58b
E4,locked_nominal,heat,heat_phys0.1_rank0.1_s11,384,4.6833971367732374e-08,d9930fab75150618a04de38ab08947afaa437211136542f74d1b841848bb6d07
E4,locked_nominal,heat,heat_phys0.1_rank1_s11,384,4.431831612805581e-08,27b2a6b7f4a2da3682feaf18c2e3196c00cbdd8753dd7e71af89b2c5a98ec58b
E4,locked_nominal,heat,heat_phys1_rank0.1_s11,384,4.278050269590494e-08,0886ef0435610168a584e087f793bdb691e11cd60175260e5e224538a741fd92
E4,locked_nominal,heat,heat_phys1_rank1_s11,384,4.431831612805581e-08,a2fed8a6f1a945bfd07e35c6a405b885127feee86a1d42ec9513887b8ce8812b
E5,locked_coefficient_ood,heat,B0_sna,128,1.3798878928383829e-08,0e8705313e7fb56bcdd82bd1360def58b1e7046a488c636c7c10d6c9ed064cc3
E5,locked_coefficient_ood,heat,B1_sna,128,4.291720401283783e-08,69cefdbe2a09e2ea86b09bb264eaab762bd8b813e65c0f85d1aa7c38276a5f24
E5,locked_coefficient_ood,heat,B2_s11,128,5.853591389382018e-09,b8f80efcdacac101bf8f55c3e860866a8063e712cc3ae01055abed594e0aa21a
E5,locked_coefficient_ood,heat,B2_s23,128,6.15468387366036e-09,56dd22ca8ebfd24e827979ae6189155a3c433cb8e02c5489c5389c5178efcc1d
E5,locked_coefficient_ood,heat,B2_s37,128,6.1296443476521745e-09,a35d6eac0ddeed11c858b91b09010e7006ad5e9f4b9b892b1491c57e37785275
E5,locked_coefficient_ood,heat,B3_s11,128,7.006750735172318e-09,b4e97f2d9091f9b5b6e57ece948c926e15814d8a2f56d3c0487a5325e730c235
E5,locked_coefficient_ood,heat,B3_s23,128,6.366962068682369e-09,5c8b137a0e711a5b66c5138cd13b8e497b69a94fbc55e02b3ed0a0cb1977f5ee
E5,locked_coefficient_ood,heat,B3_s37,128,5.781782164149263e-09,f821fd13a713202165c22512884c039b441106b68bf1e26ffa6795f1410d0550
E5,locked_coefficient_ood,heat,B4_s11,128,4.2583420345465584e-08,56a110f50b1c1f8be4780244f174e9d87f919bab44b7a4860b22b6f02925d2c7
E5,locked_coefficient_ood,heat,B4_s23,128,4.249997420657792e-08,8d950419a8ffc3442128ffe58e016ec65c19948394c2430020777301c1912f61
E5,locked_coefficient_ood,heat,B4_s37,128,4.249997420657792e-08,aa3e57c514d6a3ed8fa8de78da442745d161ac5a79d8439b49ffac00e635ffe4
E5,locked_coefficient_ood,heat,B5_s11,128,4.249997420657792e-08,70a1dda02641762d89e5d45cd7226a1f363a6be89c567845945490505496f66e
E5,locked_coefficient_ood,heat,B5_s23,128,4.2583420345465584e-08,2698cfe2970b0d6d7c969b61f27cd5ed108891fcaea343323cbde173f3d39786
E5,locked_coefficient_ood,heat,B5_s37,128,4.2583420345465584e-08,3f3f438d41c36090f5d7149066413e1cf44e4e263b5e52175ba767a7e043a873
E5,locked_coefficient_ood,heat,P-no-rank_s11,128,4.260427566293856e-08,0a1edcfac7e65b5537a0160feff6b59ca9f9ac271fc57e2008c700f3884e9ed9
E5,locked_coefficient_ood,heat,P-no-rank_s23,128,4.291720046012415e-08,4646b3ee904903d0562aea1585622c35d4a5596c13321c2d0debd8901b8e3f33
E5,locked_coefficient_ood,heat,P-no-rank_s37,128,4.249997420657792e-08,38b50070d6f82fbdd8b3f102360ea69b252d2929140591814372645f0b2fd84f
E5,locked_coefficient_ood,heat,P_s11,128,4.249997420657792e-08,3845868a898d0659acc1a1c5b9a89ad2f0d53c9fa0d9bfbcf43cc319b7d8b999
E5,locked_coefficient_ood,heat,P_s23,128,4.2583420345465584e-08,a5d2606e61872a6ed1f2c8af2c61d4e8547870517d17df39d7a9e8fbc05286b2
E5,locked_coefficient_ood,heat,P_s37,128,4.2583420345465584e-08,3f3f438d41c36090f5d7149066413e1cf44e4e263b5e52175ba767a7e043a873
E5,locked_delay_dropout,heat,B0_sna,128,1.5213434068073184e-08,d1a76f2cbcf4652b7ba5684e04bae4d1ce7fde218802908db81fd9643a776646
E5,locked_delay_dropout,heat,B1_sna,128,3.760903410920946e-08,e9666116514dddb44a295cbba5583e8548433e3bead5bafdebb907d5b61725fd
E5,locked_delay_dropout,heat,B2_s11,128,6.416287945398835e-09,8161e3c7053074b1d001fd119a369898a5f2055d9a8439b779b5fcc02f4bec1b
E5,locked_delay_dropout,heat,B2_s23,128,8.232859727286268e-09,b241f4424c910193f3e7ea39e7d80ee8b653a2e63275600b7257a03bd912a0ea
E5,locked_delay_dropout,heat,B2_s37,128,7.46126715966966e-09,782dcc7ed97b63b733dcdc49b7fbdfa53e6a13209aa1c7a8119e4b088381c5ef
E5,locked_delay_dropout,heat,B3_s11,128,7.594842088565201e-09,e019d1cbf339a86e90c16117f2db8c27a1e43afc9ca53d38e83608a35a90cf62
E5,locked_delay_dropout,heat,B3_s23,128,8.817309549158381e-09,e1babe3473d54fd5fe24ecc408c87b826b7e66d8e0b71b1256765dafe0d99740
E5,locked_delay_dropout,heat,B3_s37,128,7.933863344078418e-09,ac5c7402eb53ee0522a116819b0d777e5037d5a459f0c68649fbf91f4cb65fc0
E5,locked_delay_dropout,heat,B4_s11,128,4.0918954447022315e-08,3808c28be4e3d62f57a2126c7f5667ba786814f80b79e70e62d8aa33fbc84875
E5,locked_delay_dropout,heat,B4_s23,128,4.063285707900377e-08,6597ae2fe4fd7583a733aa1dab64285c7720f01555d5f4c10910517d1ef8f567
E5,locked_delay_dropout,heat,B4_s37,128,4.0918954447022315e-08,b86c7df28f5539ad6525a8a93600b1aba005ae92ac2b9c499c51d58b73b5357a
E5,locked_delay_dropout,heat,B5_s11,128,4.075206661013908e-08,6f596decb53da793b1f2d871ee73604ac332ea2cdf79d57c89dadf3adae7cb8c
E5,locked_delay_dropout,heat,B5_s23,128,4.0918954447022315e-08,bc0b60f99f39e49987198f76af17757758caa344572e38613a2a5a90fa4f2d9b
E5,locked_delay_dropout,heat,B5_s37,128,4.0918954447022315e-08,19d3e146c3c37e57f2f36c8c14dd7ef00356bcf26865f3af990bc39c579b15a2
E5,locked_delay_dropout,heat,P-no-rank_s11,128,4.1062008016012896e-08,5b8265f802a5d393a8ee20a6bb5e9756724d8bd1d168da8b62222b519009a948
E5,locked_delay_dropout,heat,P-no-rank_s23,128,4.0918954447022315e-08,5d9073867656de37d706ae8ef546ffe157e58d30a8a74995a0c560e0a8958ffb
E5,locked_delay_dropout,heat,P-no-rank_s37,128,4.0918954447022315e-08,98b50d1b875f34f64b32a352059b26fe86f9e0e4516319a881de235b0f59a084
E5,locked_delay_dropout,heat,P_s11,128,4.075206661013908e-08,cd0388e232bb241e055d32ffcb2ca730a7d80aa6441326fb391059a3f26a81ee
E5,locked_delay_dropout,heat,P_s23,128,4.0918954447022315e-08,bc0b60f99f39e49987198f76af17757758caa344572e38613a2a5a90fa4f2d9b
E5,locked_delay_dropout,heat,P_s37,128,4.0918954447022315e-08,19d3e146c3c37e57f2f36c8c14dd7ef00356bcf26865f3af990bc39c579b15a2
E5,locked_nominal,heat,B0_sna,384,2.4082930316637885e-08,4c1765f01d2128e7deb9c417e4a50f9770c485759bf27288a8b1601097b4e787
E5,locked_nominal,heat,B1_sna,384,5.4001063176656317e-08,5722b5d2490061359b8cc911c6cbea938ca208f11dafcbcb0eea28df40a52034
E5,locked_nominal,heat,B2_s11,384,9.481842866421175e-09,0b7604f324944bfa290fbf13f5568451243e4f37575b6954c8b11c7e819e86f0
E5,locked_nominal,heat,B2_s23,384,8.772157222836086e-09,8155e54d085735f91db1a2f09d368c58ec4962fcde69348f0a15117a50fef9ff
E5,locked_nominal,heat,B2_s37,384,9.764708153170432e-09,b683d5a2741912c6c1e8814fb9ff44458d774d1ca61f58b2ffc9b6a11e22cbcd
E5,locked_nominal,heat,B3_s11,384,8.722922828496849e-09,72410d9bf5fd81650c1e0d3fd79782f47d87bb51fe62970d36f60be256cb3628
E5,locked_nominal,heat,B3_s23,384,8.31113666777128e-09,6ff36eb9774c52bace409c15799be84643cc8beb636647ca1c29ab3d18f8b887
E5,locked_nominal,heat,B3_s37,384,1.2470838584022204e-08,71b4e6d38ffcf717843834f368813ec6a940a45de63ca6964de4c578b14487ae
E5,locked_nominal,heat,B4_s11,384,4.9284498260249165e-08,6240cd1c95932508f172be7661bfd62645899ef39ec078101346ee2ed25b040f
E5,locked_nominal,heat,B4_s23,384,6.43834638935914e-08,e52bca149304522f52c5fe9d5a75faece1d10c018c363f7492e523c88e0ffb6a
E5,locked_nominal,heat,B4_s37,384,4.957059118737561e-08,51d73b4ccc28ddc138dd9c06d54395d8f2015f7b8fee886cc8c64c282442a638
E5,locked_nominal,heat,B5_s11,384,4.5946608295821534e-08,105cd5fa9c18934e92c876bbc1dc2b0e990d6fee5353650c51eda0c669f85dba
E5,locked_nominal,heat,B5_s23,384,4.499853467621051e-08,970336b4d1c4d492afc8617a478ce79cfab78e303e5aafebc0df90a5e534285f
E5,locked_nominal,heat,B5_s37,384,4.589893443096571e-08,5fcc4c0baf44bd02b711a34f884be1060863dbb1d612304ef8d675d153b51a12
E5,locked_nominal,heat,P-no-rank_s11,384,4.7758625498772744e-08,c8766d255ed170495296ec5754b8485a14be40f3cf357ae975eb9e17ac824817
E5,locked_nominal,heat,P-no-rank_s23,384,4.730673097697036e-08,68a2f1b0259132e93d40eba3155581878a9092dfd8bb6a8f07e8d739798e868c
E5,locked_nominal,heat,P-no-rank_s37,384,4.8306972644240886e-08,9e188038d2457901753d8b8a5714a70487487d2f4f7880c46dfd5091e0315df9
E5,locked_nominal,heat,P_s11,384,4.5946608295821534e-08,7a08451f5cc266fe69addf0fedaf09f99caf56bbb2a4638103787d548b589e7d
E5,locked_nominal,heat,P_s23,384,4.499853467621051e-08,52adc4f8b2d7f773968ece9a6954bc475e2abe486125d4013872b80b47a7dbb1
E5,locked_nominal,heat,P_s37,384,4.589893443096571e-08,45484810ee27b10df9b4b4feeac19af5f2aeb292cf4b3d1ea7a5efd054e4adf2
