pde,method,seed,parent_count,query_count,finite_sample_order_index_zero_based,margin,action_selection_uses_margin
burgers,B1,,64,512,61,0.06451894420098386,False
burgers,P,11,64,512,61,0.050406314432621,False
burgers,P,23,64,512,61,0.048977240920066833,False
burgers,P,37,64,512,61,0.05133502185344696,False
burgers,P-no-rank,11,64,512,61,0.051116615533828735,False
burgers,P-no-rank,23,64,512,61,0.048815906047821045,False
burgers,P-no-rank,37,64,512,61,0.05164257436990738,False
burgers,B4,11,64,512,61,0.04871681332588196,False
burgers,B4,23,64,512,61,0.050292402505874634,False
burgers,B4,37,64,512,61,0.05209594964981079,False
burgers,B5,11,64,512,61,0.050406262278556824,False
burgers,B5,23,64,512,61,0.04897727072238922,False
burgers,B5,37,64,512,61,0.05133514106273651,False
heat,B1,,64,512,61,0.033023480451228604,False
heat,P,11,64,512,61,0.06247645244002342,False
heat,P,23,64,512,61,0.06437025964260101,False
heat,P,37,64,512,61,0.07334952801465988,False
heat,P-no-rank,11,64,512,61,0.054735489189624786,False
heat,P-no-rank,23,64,512,61,0.06053319200873375,False
heat,P-no-rank,37,64,512,61,0.07155771553516388,False
heat,B4,11,64,512,61,0.06366609036922455,False
heat,B4,23,64,512,61,0.0649634450674057,False
heat,B4,37,64,512,61,0.06574909389019012,False
heat,B5,11,64,512,61,0.06247832998633385,False
heat,B5,23,64,512,61,0.06437203288078308,False
heat,B5,37,64,512,61,0.07334953546524048,False
