role,pde,method,parent_count,mean_cost,tracking_rmse,relative_cost_difference_vs_B0,ci_low,ci_high,violation_rate,violation_difference_ci_low,violation_difference_ci_high,tick100_field_nrmse
locked_nominal,burgers,B0,384,0.2664725139151905,0.032748704299862104,0.0,0.0,0.0,0.0,0.0,0.0,
locked_nominal,burgers,B1,384,0.33971799909582345,0.037131081360961875,0.27487069530910263,0.23298713901975623,0.31975186821214785,0.0,0.0,0.0,0.3797418264222401
locked_nominal,burgers,P,384,0.34118945636393655,0.03722108491233259,0.2803926804718251,0.23550975075586966,0.32872868455597754,0.0,0.0,0.0,0.3744782779217026
locked_nominal,burgers,P-no-rank,384,0.34118125528960613,0.0372204788531325,0.2803619040355995,0.23648935287793774,0.3286251039919058,0.0,0.0,0.0,0.37594736969913356
locked_nominal,burgers,B4,384,0.34078455738970614,0.037201328465465144,0.2788732030282371,0.2343555906568499,0.32719140330195706,0.0,0.0,0.0,0.3751508166218021
locked_nominal,burgers,B5,384,0.34118945636393655,0.03722108491233259,0.2803926804718251,0.23590639000730818,0.328574949022047,0.0,0.0,0.0,0.37447846149249625
locked_nominal,burgers,B2,384,0.2781477773912076,0.032973295810606595,0.043814137917927654,0.03716958416534351,0.05127941724430126,0.0,0.0,0.0,
locked_nominal,burgers,B3,384,0.2799057781479067,0.033203932166979595,0.05041144407483452,0.044039176460640976,0.05752940432003598,0.0,0.0,0.0,
locked_nominal,heat,B0,384,12.055011377213518,0.19443537046346057,0.0,0.0,0.0,0.9140625,0.0,0.0,
locked_nominal,heat,B1,384,13.563123097767113,0.22256724399026848,0.12510247177404096,0.11695017051967327,0.13316247216157057,0.9140625,0.0,0.0,0.018377059316599827
locked_nominal,heat,P,384,13.70631345480279,0.22429631018275809,0.13698054907775367,0.12930612085453388,0.14490742684800184,0.9140625,0.0,0.0,0.008077704815554575
locked_nominal,heat,P-no-rank,384,13.678660134408995,0.2239010505388744,0.13468662172020107,0.127100036180337,0.14242572040563475,0.9140625,0.0,0.0,0.008062824605682787
locked_nominal,heat,B4,384,13.700599054584897,0.2241509203452127,0.13650652213252026,0.1289107318810701,0.14437929813583505,0.9140625,0.0,0.0,0.007930441710211905
locked_nominal,heat,B5,384,13.70631363277804,0.2242963168320212,0.1369805638413438,0.12928960096280173,0.14499096433370062,0.9140625,0.0,0.0,0.008077654602756308
locked_nominal,heat,B2,384,16.883116915972508,0.2571701133618571,0.4005060955715989,0.3769881167694974,0.42410856094979776,0.9140625,0.0,0.0,
locked_nominal,heat,B3,384,16.735509783937953,0.25474331300985936,0.3882616332964686,0.3638870176328662,0.4125456092625816,0.9140625,0.0,0.0,
locked_coefficient_ood,burgers,B0,128,0.38903927566715957,0.036635418719763085,0.0,0.0,0.0,0.0,0.0,0.0,
locked_coefficient_ood,burgers,B1,128,0.536928536349823,0.0428276419418618,0.38013966695020596,0.25864999947910616,0.5115458909821718,0.0,0.0,0.0,0.5826620102938925
locked_coefficient_ood,burgers,P,128,0.5377795723435652,0.0428579130304953,0.38232719928169834,0.2601310466099916,0.5148306698555758,0.0,0.0,0.0,1.5080767334244836
locked_coefficient_ood,burgers,P-no-rank,128,0.540584477822883,0.04290060143086779,0.389537025267796,0.26374324245520364,0.528342965557606,0.0,0.0,0.0,1.5209171130651762
locked_coefficient_ood,burgers,B4,128,0.5376551674121741,0.04285703671478225,0.38200742454641534,0.2606523955671248,0.5160604343764256,0.0,0.0,0.0,1.3279216328519396
locked_coefficient_ood,burgers,B5,128,0.5377795723435652,0.0428579130304953,0.38232719928169834,0.25927621911320203,0.5182651088393087,0.0,0.0,0.0,1.508086561477588
locked_coefficient_ood,burgers,B2,128,0.411125045904559,0.037178435114027734,0.05677002713806931,0.03548908884003016,0.08261158538784791,0.0,0.0,0.0,
locked_coefficient_ood,burgers,B3,128,0.41135105643601216,0.037303675189749995,0.05735097241940518,0.037789356858415016,0.08066206078314411,0.0,0.0,0.0,
locked_coefficient_ood,heat,B0,128,5.546748839786472,0.1220700511378909,0.0,0.0,0.0,0.890625,0.0,0.0,
locked_coefficient_ood,heat,B1,128,6.856707474104863,0.15567122153777704,0.23616692807904716,0.211399243322526,0.2610151492818013,0.890625,0.0,0.0,0.024862725653688217
locked_coefficient_ood,heat,P,128,7.042344923487267,0.15810779043232856,0.26963472241125824,0.2497855713661296,0.28957531096645833,0.890625,0.0,0.0,0.01572445153942681
locked_coefficient_ood,heat,P-no-rank,128,7.189384145897327,0.16044062478646923,0.2961438048768922,0.274399895430244,0.3185636240182669,0.890625,0.0,0.0,0.016467147974860076
locked_coefficient_ood,heat,B4,128,7.112300941173007,0.15900466035027339,0.28224679836897054,0.261920751188104,0.30310847678687636,0.890625,0.0,0.0,0.015677071067329962
locked_coefficient_ood,heat,B5,128,7.042338175241427,0.15810755280564368,0.2696335057984215,0.24976872751963525,0.28956134298567904,0.890625,0.0,0.0,0.01572434747868101
locked_coefficient_ood,heat,B2,128,12.726168146707806,0.23192276959171965,1.2943472860036176,1.185084606871789,1.4035397232055793,0.890625,0.0,0.0,
locked_coefficient_ood,heat,B3,128,11.87892195186037,0.2221782803739033,1.1416008359083483,1.0413473458919524,1.2457630606394676,0.890625,0.0,0.0,
locked_delay_dropout,burgers,B0,128,0.2501530770118818,0.0315151680150802,0.0,0.0,0.0,0.0,0.0,0.0,
locked_delay_dropout,burgers,B1,128,0.3124569792712778,0.03537536705723008,0.2490631056936257,0.18602317504483187,0.31687467664073754,0.0,0.0,0.0,0.3763055625021857
locked_delay_dropout,burgers,P,128,0.31275862190644793,0.03542138068100285,0.2502689378935464,0.18751243575831722,0.32041338327487484,0.0,0.0,0.0,0.44627064720649895
locked_delay_dropout,burgers,P-no-rank,128,0.31279156756623616,0.03542543112933002,0.25040063989050654,0.18700437379365817,0.32114828677181045,0.0,0.0,0.0,0.4459176514743982
locked_delay_dropout,burgers,B4,128,0.31271404140600234,0.03540823548909184,0.250090725012945,0.18703826672711962,0.3190182698948547,0.0,0.0,0.0,0.4450324158339451
locked_delay_dropout,burgers,B5,128,0.31275862190644793,0.03542138068100285,0.2502689378935464,0.18691248559222448,0.3210761382215485,0.0,0.0,0.0,0.4462708878757743
locked_delay_dropout,burgers,B2,128,0.2605463042062284,0.03163767241800727,0.0415474689278075,0.03271847823366303,0.0511599135003257,0.0,0.0,0.0,
locked_delay_dropout,burgers,B3,128,0.26046190071941216,0.031705010640733146,0.04121006157777838,0.03300202135746165,0.05042568479089616,0.0,0.0,0.0,
locked_delay_dropout,heat,B0,128,12.996960565296146,0.2014636272026904,0.0,0.0,0.0,0.8984375,0.0,0.0,
locked_delay_dropout,heat,B1,128,14.18371912064578,0.2240523620962147,0.09131046827351764,0.08475326427083256,0.098065944080513,0.8984375,0.0,0.0,0.019219443686819267
locked_delay_dropout,heat,P,128,14.354605839906341,0.22646349954751444,0.10445867461007102,0.09809200839490895,0.11106200173975174,0.8984375,0.0,0.0,0.00897991962604768
locked_delay_dropout,heat,P-no-rank,128,14.347180341872438,0.22630035072656038,0.10388734887613525,0.09710022224837987,0.11102800001640521,0.8984375,0.0,0.0,0.008996744277586307
locked_delay_dropout,heat,B4,128,14.320596899227155,0.2258129977034058,0.10184199046239462,0.09583966046509934,0.10795491668301369,0.8984375,0.0,0.0,0.008870132771941524
locked_delay_dropout,heat,B5,128,14.354605839906341,0.22646349954751444,0.10445867461007102,0.09808142887713178,0.11094285716978985,0.8984375,0.0,0.0,0.008979924634331837
locked_delay_dropout,heat,B2,128,17.847425690304277,0.2598477272391701,0.37319995706993264,0.3300402160754086,0.4173537074256164,0.8984375,0.0,0.0,
locked_delay_dropout,heat,B3,128,17.81619373078523,0.2584948838085446,0.37079693681283965,0.3261848597695651,0.4185394687122919,0.8984375,0.0,0.0,
