role,method,seed,n,qmax,initial_lower_count,first_step_lower_count,ever_lower_count,ever_upper_count,late_new_lower_count,minimum_state,minimum_first_step,maximum_state
locked_nominal,B0,,384,2.1322593092918396,356,351,351,0,0,-0.4973592758178711,-0.47862738370895386,1.859711766242981
locked_nominal,B1,,384,2.1322593092918396,356,351,351,0,0,-0.4973592758178711,-0.47862738370895386,1.6493221521377563
locked_nominal,P,11,384,2.1322593092918396,356,351,351,0,0,-0.4973592758178711,-0.47862738370895386,1.396763563156128
locked_nominal,P,23,384,2.1322593092918396,356,351,351,0,0,-0.4973592758178711,-0.47862738370895386,1.4124475717544556
locked_nominal,P,37,384,2.1322593092918396,356,351,351,0,0,-0.4973592758178711,-0.47862738370895386,1.4135401248931885
locked_nominal,P-no-rank,11,384,2.1322593092918396,356,351,351,0,0,-0.4973592758178711,-0.47862738370895386,1.3956575393676758
locked_nominal,P-no-rank,23,384,2.1322593092918396,356,351,351,0,0,-0.4973592758178711,-0.47862738370895386,1.4031367301940918
locked_nominal,P-no-rank,37,384,2.1322593092918396,356,351,351,0,0,-0.4973592758178711,-0.47862738370895386,1.405340313911438
locked_nominal,B4,11,384,2.1322593092918396,356,351,351,0,0,-0.4973592758178711,-0.47862738370895386,1.4085172414779663
locked_nominal,B4,23,384,2.1322593092918396,356,351,351,0,0,-0.4973592758178711,-0.47862738370895386,1.4125205278396606
locked_nominal,B4,37,384,2.1322593092918396,356,351,351,0,0,-0.4973592758178711,-0.47862738370895386,1.41081702709198
locked_nominal,B5,11,384,2.1322593092918396,356,351,351,0,0,-0.4973592758178711,-0.47862738370895386,1.396763563156128
locked_nominal,B5,23,384,2.1322593092918396,356,351,351,0,0,-0.4973592758178711,-0.47862738370895386,1.4124475717544556
locked_nominal,B5,37,384,2.1322593092918396,356,351,351,0,0,-0.4973592758178711,-0.47862738370895386,1.4135401248931885
locked_nominal,B2,11,384,2.1322593092918396,356,351,351,0,0,-0.4973592758178711,-0.47897887229919434,1.0679641962051392
locked_nominal,B2,23,384,2.1322593092918396,356,351,351,0,0,-0.4973592758178711,-0.47898682951927185,1.0809210538864136
locked_nominal,B2,37,384,2.1322593092918396,356,351,351,0,0,-0.4973592758178711,-0.47899481654167175,1.0936782360076904
locked_nominal,B3,11,384,2.1322593092918396,356,351,351,0,0,-0.4973592758178711,-0.4788561165332794,1.0648105144500732
locked_nominal,B3,23,384,2.1322593092918396,356,351,351,0,0,-0.4973592758178711,-0.47884702682495117,0.9821234941482544
locked_nominal,B3,37,384,2.1322593092918396,356,351,351,0,0,-0.4973592758178711,-0.4788983464241028,1.0715508460998535
locked_coefficient_ood,B0,,128,2.1322593092918396,115,114,114,0,0,-0.49886617064476013,-0.4564701020717621,0.9748771786689758
locked_coefficient_ood,B1,,128,2.1322593092918396,115,114,114,0,0,-0.49886617064476013,-0.4564701020717621,0.7954518795013428
locked_coefficient_ood,P,11,128,2.1322593092918396,115,114,114,0,0,-0.49886617064476013,-0.4573170244693756,0.8213655352592468
locked_coefficient_ood,P,23,128,2.1322593092918396,115,114,114,0,0,-0.49886617064476013,-0.4573170244693756,0.8263146877288818
locked_coefficient_ood,P,37,128,2.1322593092918396,115,114,114,0,0,-0.49886617064476013,-0.4573170244693756,0.8282386064529419
locked_coefficient_ood,P-no-rank,11,128,2.1322593092918396,115,114,114,0,0,-0.49886617064476013,-0.4573170244693756,0.8247787356376648
locked_coefficient_ood,P-no-rank,23,128,2.1322593092918396,115,114,114,0,0,-0.49886617064476013,-0.4573170244693756,0.8296339511871338
locked_coefficient_ood,P-no-rank,37,128,2.1322593092918396,115,114,114,0,0,-0.49886617064476013,-0.4573170244693756,0.8353585600852966
locked_coefficient_ood,B4,11,128,2.1322593092918396,115,114,114,0,0,-0.49886617064476013,-0.4573170244693756,0.8273979425430298
locked_coefficient_ood,B4,23,128,2.1322593092918396,115,114,114,0,0,-0.49886617064476013,-0.4573170244693756,0.8298629522323608
locked_coefficient_ood,B4,37,128,2.1322593092918396,115,114,114,0,0,-0.49886617064476013,-0.4573170244693756,0.8246437907218933
locked_coefficient_ood,B5,11,128,2.1322593092918396,115,114,114,0,0,-0.49886617064476013,-0.4573170244693756,0.8213655352592468
locked_coefficient_ood,B5,23,128,2.1322593092918396,115,114,114,0,0,-0.49886617064476013,-0.4573170244693756,0.8263146877288818
locked_coefficient_ood,B5,37,128,2.1322593092918396,115,114,114,0,0,-0.49886617064476013,-0.4573170244693756,0.8282386064529419
locked_coefficient_ood,B2,11,128,2.1322593092918396,115,114,114,0,0,-0.49886617064476013,-0.45766517519950867,0.5640197396278381
locked_coefficient_ood,B2,23,128,2.1322593092918396,115,114,114,0,0,-0.49886617064476013,-0.4576737582683563,0.5628153681755066
locked_coefficient_ood,B2,37,128,2.1322593092918396,115,114,114,0,0,-0.49886617064476013,-0.4576543867588043,0.5656304955482483
locked_coefficient_ood,B3,11,128,2.1322593092918396,115,114,114,0,0,-0.49886617064476013,-0.4576190710067749,0.5676639080047607
locked_coefficient_ood,B3,23,128,2.1322593092918396,115,114,114,0,0,-0.49886617064476013,-0.45757392048835754,0.5549778342247009
locked_coefficient_ood,B3,37,128,2.1322593092918396,115,114,114,0,0,-0.49886617064476013,-0.4576030969619751,0.5503599047660828
locked_delay_dropout,B0,,128,2.1322593092918396,115,115,115,0,0,-0.49995338916778564,-0.4775146245956421,1.7596286535263062
locked_delay_dropout,B1,,128,2.1322593092918396,115,115,115,0,0,-0.49995338916778564,-0.4775146245956421,1.5477967262268066
locked_delay_dropout,P,11,128,2.1322593092918396,115,115,115,0,0,-0.49995338916778564,-0.4775146245956421,1.3759838342666626
locked_delay_dropout,P,23,128,2.1322593092918396,115,115,115,0,0,-0.49995338916778564,-0.4775146245956421,1.3767484426498413
locked_delay_dropout,P,37,128,2.1322593092918396,115,115,115,0,0,-0.49995338916778564,-0.4775146245956421,1.3815557956695557
locked_delay_dropout,P-no-rank,11,128,2.1322593092918396,115,115,115,0,0,-0.49995338916778564,-0.4775146245956421,1.377502202987671
locked_delay_dropout,P-no-rank,23,128,2.1322593092918396,115,115,115,0,0,-0.49995338916778564,-0.4775146245956421,1.3807919025421143
locked_delay_dropout,P-no-rank,37,128,2.1322593092918396,115,115,115,0,0,-0.49995338916778564,-0.4775146245956421,1.3813968896865845
locked_delay_dropout,B4,11,128,2.1322593092918396,115,115,115,0,0,-0.49995338916778564,-0.4775146245956421,1.371130108833313
locked_delay_dropout,B4,23,128,2.1322593092918396,115,115,115,0,0,-0.49995338916778564,-0.4775146245956421,1.3736127614974976
locked_delay_dropout,B4,37,128,2.1322593092918396,115,115,115,0,0,-0.49995338916778564,-0.4775146245956421,1.3706493377685547
locked_delay_dropout,B5,11,128,2.1322593092918396,115,115,115,0,0,-0.49995338916778564,-0.4775146245956421,1.3759838342666626
locked_delay_dropout,B5,23,128,2.1322593092918396,115,115,115,0,0,-0.49995338916778564,-0.4775146245956421,1.3767484426498413
locked_delay_dropout,B5,37,128,2.1322593092918396,115,115,115,0,0,-0.49995338916778564,-0.4775146245956421,1.3815557956695557
locked_delay_dropout,B2,11,128,2.1322593092918396,115,115,115,0,0,-0.49995338916778564,-0.47795170545578003,1.061173915863037
locked_delay_dropout,B2,23,128,2.1322593092918396,115,115,115,0,0,-0.49995338916778564,-0.4779616892337799,1.07451593875885
locked_delay_dropout,B2,37,128,2.1322593092918396,115,115,115,0,0,-0.49995338916778564,-0.4779629409313202,1.0869206190109253
locked_delay_dropout,B3,11,128,2.1322593092918396,115,115,115,0,0,-0.49995338916778564,-0.4778077304363251,1.053837537765503
locked_delay_dropout,B3,23,128,2.1322593092918396,115,115,115,0,0,-0.49995338916778564,-0.47785118222236633,0.9739297032356262
locked_delay_dropout,B3,37,128,2.1322593092918396,115,115,115,0,0,-0.49995338916778564,-0.47786328196525574,1.0633735656738281
