pde,method,n_requests,p50_ms,p95_ms,p99_ms,p999_ms,miss_count_2ms,miss_count_5ms,miss_rate_5ms,cuda_stream_p99_ms
burgers,B0,60000,0.5148,0.5577,0.5893010000000003,0.8288002999999989,0,0,0.0,
burgers,B1,60000,14.39955,15.199405,15.544308000000001,15.9833,60000,60000,1.0,
burgers,P,180000,3.1147,6.4343,6.714201000000001,7.12820089999999,180000,25607,0.14226111111111112,6.6051201820373535
burgers,P-no-rank,180000,3.1148,6.4278,6.7086,7.077001299999986,180000,25366,0.14092222222222223,6.59721772670746
burgers,B4,180000,3.1595,6.5311,6.809303000000003,7.211200699999992,180000,28236,0.15686666666666665,6.69846423625946
burgers,B5,180000,3.1167,6.4408,6.726501000000001,7.1303002999999965,180000,25928,0.14404444444444445,6.615362663269046
burgers,B2,180000,1.9035,3.567,3.777401000000001,4.012600399999996,34564,0,0.0,3.6638723230361943
burgers,B3,180000,1.911,3.6221,3.8398,4.533500599999994,42306,75,0.0004166666666666667,3.7239042162895206
heat,B0,60000,0.5527,0.6069,0.6446,0.8981010999999962,0,0,0.0,
heat,B1,60000,1.696,1.950609999999999,5.680636000000008,6.657100499999998,2758,937,0.015616666666666666,
heat,P,180000,4.7553,9.7424,10.1408,10.643600199999996,180000,33015,0.18341666666666667,10.029248552322388
heat,P-no-rank,180000,4.758,9.7571,10.157602000000002,10.649100499999996,180000,33898,0.18832222222222222,10.0448637008667
heat,B4,180000,4.8077,9.8203,10.214302000000002,10.705701499999984,180000,38798,0.21554444444444446,10.102913866043092
heat,B5,180000,4.7566,9.7406,10.143701000000002,10.66860279999997,180000,35091,0.19495,10.03267225265503
heat,B2,180000,1.9633,3.6794049999999987,3.885901000000001,4.1596,62765,1,5.555555555555556e-06,3.769505989551546
heat,B3,180000,1.9733,3.707,3.9941,7.5932008999999905,70682,904,0.005022222222222222,3.872256679534913
