deadline_miss_rate_5ms,method,p50_ms,p95_ms,p999_ms,p99_ms,pde,requests,seed,misses_10ms,misses_1ms,misses_2ms,misses_5ms
0.0,B0,0.5148,0.5577,0.8288002999999989,0.5893010000000003,burgers,60000,,0,21,0,0
1.0,B1,14.39955,15.199405,15.9833,15.544308000000001,burgers,60000,,60000,60000,60000,60000
0.0,B2,1.9083,3.6122049999999994,4.0182,3.798104000000001,burgers,60000,11,0,60000,13510,0
0.0,B2,1.9025,3.5273,3.9386007999999975,3.731802,burgers,60000,23,0,60000,9916,0
0.0,B2,1.9002,3.5559,4.0399033999999885,3.7827020000000005,burgers,60000,37,0,60000,11138,0
3.3333333333333335e-05,B3,1.9074,3.6093,4.067600299999999,3.8169,burgers,60000,11,0,60000,12977,2
5e-05,B3,1.9094,3.6170199999999983,4.19360289999999,3.8376010000000003,burgers,60000,23,1,60000,13681,3
0.0011666666666666668,B3,1.9165,3.639004999999999,5.041210399999964,3.877101,burgers,60000,37,0,60000,15648,70
0.1498,B4,3.1573,6.516,7.195900099999999,6.8011040000000005,burgers,60000,11,0,60000,60000,8988
0.14353333333333335,B4,3.1557,6.527905,7.29580289999999,6.830604,burgers,60000,23,0,60000,60000,8612
0.17726666666666666,B4,3.1658,6.5456,7.15670589999998,6.7953,burgers,60000,37,0,60000,60000,10636
0.15185,B5,3.12165,6.473705,7.188000299999999,6.7612,burgers,60000,11,0,60000,60000,9111
0.1351,B5,3.11705,6.4221,7.111401199999996,6.720102000000001,burgers,60000,23,0,60000,60000,8106
0.14518333333333333,B5,3.1111,6.422505,7.061601199999997,6.696601,burgers,60000,37,0,60000,60000,8711
0.13566666666666666,P,3.1064,6.411,7.137706299999978,6.692603,burgers,60000,11,0,60000,60000,8140
0.16405,P,3.11785,6.449709999999999,7.071101899999994,6.7155,burgers,60000,23,0,60000,60000,9843
0.12706666666666666,P,3.1191,6.4407049999999995,7.163907699999974,6.731011000000002,burgers,60000,37,0,60000,60000,7624
0.15933333333333333,P-no-rank,3.1206,6.453205,7.085802599999991,6.735408000000002,burgers,60000,11,0,60000,60000,9560
0.12673333333333334,P-no-rank,3.1091,6.383909999999998,7.057501799999994,6.678902,burgers,60000,23,0,60000,60000,7604
0.1367,P-no-rank,3.1148,6.4333,7.079206699999977,6.710302,burgers,60000,37,0,60000,60000,8202
0.0,B0,0.5527,0.6069,0.8981010999999962,0.6446,heat,60000,,0,25,0,0
0.015616666666666666,B1,1.696,1.950609999999999,6.657100499999998,5.680636000000008,heat,60000,,0,58397,2758,937
0.0,B2,1.9618,3.6676,4.162401999999993,3.86,heat,60000,11,0,60000,21131,0
1.6666666666666667e-05,B2,1.96,3.6782049999999993,4.136500799999997,3.8780030000000005,heat,60000,23,0,60000,19735,1
0.0,B2,1.9683,3.693104999999999,4.174602499999991,3.9157020000000005,heat,60000,37,0,60000,21899,0
0.0075,B3,1.9774,3.7705049999999996,8.205500999999996,4.218925000000005,heat,60000,11,4,60000,25056,450
0.007533333333333334,B3,1.971,3.6741,6.688309399999968,4.120005000000001,heat,60000,23,0,60000,23007,452
3.3333333333333335e-05,B3,1.9719,3.6717,4.104601999999993,3.862204000000001,heat,60000,37,0,60000,22619,2
0.21958333333333332,B4,4.8132,9.847814999999999,10.748501699999995,10.262903000000001,heat,60000,11,1651,60000,60000,13175
0.21556666666666666,B4,4.80275,9.809305,10.657703299999989,10.174104,heat,60000,23,1258,60000,60000,12934
0.21148333333333333,B4,4.8069,9.8059,10.690002199999991,10.194102,heat,60000,37,1414,60000,60000,12689
0.20173333333333332,B5,4.7626,9.739805,10.689504199999986,10.131308,heat,60000,11,1041,60000,60000,12104
0.18108333333333335,B5,4.755,9.734905,10.681401999999993,10.169801000000001,heat,60000,23,1106,60000,60000,10865
0.20203333333333334,B5,4.7519,9.74621,10.634008599999971,10.128801000000001,heat,60000,37,995,60000,60000,12122
0.185,P,4.7578,9.738519999999998,10.5891001,10.116005000000001,heat,60000,11,968,60000,60000,11100
0.19093333333333334,P,4.7555,9.7625,10.722300599999999,10.203202000000001,heat,60000,23,1276,60000,60000,11456
0.17431666666666668,P,4.7528,9.725305,10.61540229999999,10.0957,heat,60000,37,917,60000,60000,10459
0.18706666666666666,P-no-rank,4.7603,9.765705,10.710409999999966,10.194501,heat,60000,11,1327,60000,60000,11224
0.19011666666666666,P-no-rank,4.7617,9.7536,10.574500899999997,10.121704000000001,heat,60000,23,1014,60000,60000,11407
0.18778333333333333,P-no-rank,4.7515,9.7547,10.652100299999999,10.151703000000001,heat,60000,37,1102,60000,60000,11267
