stage,command,script_sha256,current_task_executed,evidence
Train required families,& '.venv/Scripts/python.exe' 'scripts/run_confirmatory_models_v3.py',ef6c07e007c9aac91cefd8f8c63d4a9d8eafebb4aaf84cc25b09e051e7a49907,False,Historical ledger and source entry point; see supervisor receipt for locked runner
Freeze model selection,& '.venv/Scripts/python.exe' 'scripts/freeze_checkpoint_manifest_v3.py',a62d02e28bc3f2071e6926297db890236f066fbfe3a5c979e3e4da830ccceaee,False,Historical ledger and source entry point; see supervisor receipt for locked runner
Select H3 comparator,& '.venv/Scripts/python.exe' 'scripts/select_validation_comparator_v3.py',9599c312662e2da5a99773da656fcad1b521dea68231dc0f4a350e4c3cfe5142,False,Historical ledger and source entry point; see supervisor receipt for locked runner
Generate calibration trajectories,& '.venv/Scripts/python.exe' 'scripts/generate_calibration_data_v3.py',c642b4351efb374b0dd74bbf2934fc623071a470731d30b1454853dd131b0da5,False,Historical ledger and source entry point; see supervisor receipt for locked runner
Generate calibration queries,& '.venv/Scripts/python.exe' 'scripts/generate_calibration_queries_v3.py',de61fa848d57a4821f09a338486f073258bfd9e5b6c03a87d0f24684bda4900f,False,Historical ledger and source entry point; see supervisor receipt for locked runner
Freeze passive forecast margins,& '.venv/Scripts/python.exe' 'scripts/calibrate_forecast_margins_v3.py',08f43bc6fa191778389bd254128dae2982d224f7e6b7728d6cd80cb541a70aa2,False,Historical ledger and source entry point; see supervisor receipt for locked runner
Generate fresh locked parents,& '.venv/Scripts/python.exe' 'scripts/generate_locked_data_v3.py',c82153198496f66cad92d48f02f90504ac83d8f9b6da2df6b7a63f5c223c0d37,False,Historical ledger and source entry point; see supervisor receipt for locked runner
Freeze locked evaluation inputs,& '.venv/Scripts/python.exe' 'scripts/freeze_locked_evaluation_v3.py',ac6e7af5f734c7bb02f6485ac88bd784b543957a65a4bdd9c0659fddde05cd16,False,Historical ledger and source entry point; see supervisor receipt for locked runner
One-shot locked evaluation,& '.venv/Scripts/python.exe' 'scripts/run_locked_test_once_v3.py',b03d8adb422b988e022187aea8d0e350d270a4e81f302374192da7977a136dcc,False,Historical ledger and source entry point; see supervisor receipt for locked runner
Registered test aggregate,& '.venv/Scripts/python.exe' 'scripts/aggregate_locked_test_v3.py',2043b07b5a0dd31276d9a1900c526ddcb4bb71f59d943ea3c706ac8b88845024,False,Historical ledger and source entry point; see supervisor receipt for locked runner
Registered host replay,& '.venv/Scripts/python.exe' 'scripts/benchmark_host_e2e_v3.py',0db3169647c1249dda2b2ce5ea732ecf57696e3a24fd5bf1c58a46caf0698246,False,Historical ledger and source entry point; see supervisor receipt for locked runner
Registered latency analysis,& '.venv/Scripts/python.exe' 'scripts/analyze_latency_v3.py',ddffdf3379a5e3ca9c833682cbd982eeb176b5dc18f6344a0567e5af4584a5f2,False,Historical ledger and source entry point; see supervisor receipt for locked runner
Final raw freeze,& '.venv/Scripts/python.exe' 'scripts/freeze_raw_evidence_v3.py',5584e3b2d7e757cbd342d05881364dc4d97def473fa858ffe44c4f49ae619115,False,Historical ledger and source entry point; see supervisor receipt for locked runner
