role,pde,seed,max_abs_cost_difference,max_abs_applied_action_difference,identical_action_parent_count,parent_count
locked_nominal,burgers,11,0.0,0.0,384,384
locked_nominal,burgers,23,0.0,0.0,384,384
locked_nominal,burgers,37,0.0,0.0,384,384
locked_nominal,heat,11,0.0021676106910604176,0.09999999403953552,382,384
locked_nominal,heat,23,0.0037756820208478814,0.10000002384185791,383,384
locked_nominal,heat,37,0.0,0.0,384,384
locked_coefficient_ood,burgers,11,0.0,0.0,128,128
locked_coefficient_ood,burgers,23,0.0,0.0,128,128
locked_coefficient_ood,burgers,37,0.0,0.0,128,128
locked_coefficient_ood,heat,11,0.0,0.0,128,128
locked_coefficient_ood,heat,23,0.0,0.0,128,128
locked_coefficient_ood,heat,37,0.002591326402837879,0.09999999403953552,127,128
locked_delay_dropout,burgers,11,0.0,0.0,128,128
locked_delay_dropout,burgers,23,0.0,0.0,128,128
locked_delay_dropout,burgers,37,0.0,0.0,128,128
locked_delay_dropout,heat,11,0.0,0.0,128,128
locked_delay_dropout,heat,23,0.0,0.0,128,128
locked_delay_dropout,heat,37,0.0,0.0,128,128
