pde,method,seed,selected_update,selection_status,sha256,selection_score,validation_field_nrmse,validation_normalized_teacher_regret_mean,validation_teacher_best_agreement
burgers,P,11,5000,G2_FAIL_RETAINED_DIAGNOSTIC,7b222060d53a024baef3515715a5877d67ebf369748cc1ac16d4be1002457a0c,0.07912969409892412,0.1582564264535904,2.9617442578455666e-06,0.984375
burgers,P,23,5000,G2_FAIL_RETAINED_DIAGNOSTIC,5e4edea83527e6d459825ec1bd578d224c78a4541204db72e3c530022aac91eb,0.07990055351922365,0.15979814529418945,2.9617442578455666e-06,0.984375
burgers,P,37,5000,G2_FAIL_RETAINED_DIAGNOSTIC,dcc4d82ec51e115c5c36049255f4862298374916ecc26da616f3574ab18d8fbb,0.08095040830096423,0.16182494163513184,7.587496679661854e-05,0.96875
burgers,P-no-rank,11,5000,G2_FAIL_RETAINED_DIAGNOSTIC,4eba43f50ab6acb6d2abd1160e271819cc67991799d04255300eb9be8d08cce5,0.07923113375375124,0.15845930576324463,2.9617442578455666e-06,0.984375
burgers,P-no-rank,23,5000,G2_FAIL_RETAINED_DIAGNOSTIC,f490a11ad0ad6992a3f1b2bf1f3f5f46d2eb1c9a80600c4efb9329a96fe023e7,0.08000883372744738,0.15994179248809814,7.587496679661854e-05,0.96875
burgers,P-no-rank,37,5000,G2_FAIL_RETAINED_DIAGNOSTIC,9510f08b2f6fea87adf02ca75186bdd46c3ccd7b98d8c771cb8ceded4708aebe,0.08102249266823947,0.1619691103696823,7.587496679661854e-05,0.96875
burgers,B4,11,5000,G2_FAIL_RETAINED_DIAGNOSTIC,ae65b087136663f66500d58fccad3cb7e7437ea5559c62675ebf39a334f0e20b,0.0794169008731842,0.1588338017463684,0.0,1.0
burgers,B4,23,5000,G2_FAIL_RETAINED_DIAGNOSTIC,c196d8bb83988455c23d19855448c9f0dab59f59b34c4d9de9c8340f9e5e77e5,0.07955851226518007,0.1591140627861023,2.9617442578455666e-06,0.984375
burgers,B4,37,5000,G2_FAIL_RETAINED_DIAGNOSTIC,7fb44fbefacd2f214fde3e47449f752aa7439faa62edde03372c9caf2f2fa972,0.07959271043011995,0.15918245911598206,2.9617442578455666e-06,0.984375
burgers,B5,11,5000,G2_FAIL_RETAINED_DIAGNOSTIC,06ccfa4271a1aecef18288189df09be9cfcc52621810a6ee71c74b382aedc513,0.07912972390124651,0.15825648605823517,2.9617442578455666e-06,0.984375
burgers,B5,23,5000,G2_FAIL_RETAINED_DIAGNOSTIC,2f0e42319365b1351a924b6651dd5d083cdc12933e997ca12e05f30c5bfc5177,0.07990057587096544,0.15979818999767303,2.9617442578455666e-06,0.984375
burgers,B5,37,5000,G2_FAIL_RETAINED_DIAGNOSTIC,34b54b37f1aa4fa6249ce5038cc24d7e4b87e253f4af9bf5d74a118efae067e6,0.08095043810328661,0.1618250012397766,7.587496679661854e-05,0.96875
burgers,B2,11,3000,BEST_VALIDATION_CHECKPOINT,773ff10aa1fd91a5a6a8f3e9838729deb81d608f2aa0dc0ef582f3e8d3ed415b,,,,
burgers,B2,23,3000,BEST_VALIDATION_CHECKPOINT,cb65e51bf85612b143a424494a5c0e39a7276ad323e8d9af6fead457c5c993ac,,,,
burgers,B2,37,3000,BEST_VALIDATION_CHECKPOINT,d968987bac175251bfe63d090c477ed37be35ab503b42d9a9c947ef4064607f8,,,,
burgers,B3,11,1000,BEST_VALIDATION_CHECKPOINT,12996a2f2a99f762e73389c3386324c4ddd1519f1cb1c8e6a4ed38cce652aede,,,,
burgers,B3,23,1000,BEST_VALIDATION_CHECKPOINT,da22427a0275973a5b5e6be9bfecb1b0f4741ef60a69cc206d324f3b192ef554,,,,
burgers,B3,37,1000,BEST_VALIDATION_CHECKPOINT,4fc6b022e03db41abbca0b9ab2f06e19ba62e013556b59c57a668d5bf87fd627,,,,
heat,P,11,5000,G2_FAIL_RETAINED_DIAGNOSTIC,335cd17c3fe439ab3d5987e117524559307f7447e41d9d3cdf2f7921630b26c4,0.03946126123014437,0.07887555658817291,4.696587211583392e-05,0.96875
heat,P,23,5000,G2_FAIL_RETAINED_DIAGNOSTIC,556334358dbfbe5233045bb2bafc85f77d500712640b0cd2d21d0526feabd2e4,0.04178607717221894,0.08353152126073837,4.0633083699503914e-05,0.984375
heat,P,37,5000,G2_FAIL_RETAINED_DIAGNOSTIC,71d5a71cdd21cc57006e5d405b0824b0073aaff363ca17ea0eff36861b52d9a3,0.04219834879040718,0.08439669758081436,0.0,1.0
heat,P-no-rank,11,5000,G2_FAIL_RETAINED_DIAGNOSTIC,40a77757d674a8da22ce0f9b93ff209a02e72ef5a8eab44ecc4f3d1af6b8a5f2,0.038563906601893905,0.07700414955615997,0.00012366364762783633,0.9375
heat,P-no-rank,23,4500,G2_FAIL_RETAINED_DIAGNOSTIC,ed6b34289ebd66e3ee8887fd71615994c0b95d14c75fd4ea50ff602efd0ee6b8,0.041249292161865014,0.08244631439447403,5.226992925599916e-05,0.953125
heat,P-no-rank,37,5000,G2_FAIL_RETAINED_DIAGNOSTIC,b20cdc845ec62a0d3eff517650e92aeeb0d549e4a7619037be03e14b3041a4d8,0.042005237452563016,0.08400676399469376,3.7109104322752273e-06,0.96875
heat,B4,11,5000,G2_FAIL_RETAINED_DIAGNOSTIC,93f5ce1932228c1785a8aa5aabb95d01d7a78ab6ead34c287622ccf0c74adc02,0.04173095431701768,0.08341123908758163,5.0669546453718795e-05,0.953125
heat,B4,23,5000,G2_FAIL_RETAINED_DIAGNOSTIC,c5b7fa56b4b2d2b13b846ea52499ffd972e9c8028c6529771f082cab2bd74dc2,0.04208535701036453,0.08417071402072906,0.0,1.0
heat,B4,37,5000,G2_FAIL_RETAINED_DIAGNOSTIC,af01e898f027ba06271def0d3c1790b252e5912a43b4ead62678976b2839672d,0.04153428588983843,0.08306223899126053,6.332788416330004e-06,0.984375
heat,B5,11,5000,G2_FAIL_RETAINED_DIAGNOSTIC,f499e54b081a7018e2759f7824b2060fa381a54f99577cf307f8d97fc6e2e115,0.039461570429239146,0.07887617498636246,4.696587211583392e-05,0.96875
heat,B5,23,5000,G2_FAIL_RETAINED_DIAGNOSTIC,d057b493b2a97edc52baac2fdcd2127232e86d869c6d828504fc41e06136e8b7,0.0417861665791861,0.0835317000746727,4.0633083699503914e-05,0.984375
heat,B5,37,5000,G2_FAIL_RETAINED_DIAGNOSTIC,997a821745e74444c1fe0da854a3fdc3423b5d68dc0d5c003d60b143404fa4a4,0.04219838231801987,0.08439676463603973,0.0,1.0
heat,B2,11,2500,BEST_VALIDATION_CHECKPOINT,07f22e864895b091253d7795930ae7097a5bfb41b25e302d630cce400b93890b,,,,
heat,B2,23,3000,BEST_VALIDATION_CHECKPOINT,a5a261991f105f599fbe031cdb5fe840e073468a8822fb598d7cbf4ca6055ea9,,,,
heat,B2,37,3000,BEST_VALIDATION_CHECKPOINT,e046346447b7d12c4c67a49670e91fdac924c49a156139d4a6476181bd06e985,,,,
heat,B3,11,500,BEST_VALIDATION_CHECKPOINT,77a52e5711e7b49773fbf211709e34b7157a41c6723e4f19177a8fff219e0d00,,,,
heat,B3,23,1000,BEST_VALIDATION_CHECKPOINT,ca460bc4d78d33f8b6def14fb299ad2681ed1ef9a8bd7a87baac1fe024af18b3,,,,
heat,B3,37,500,BEST_VALIDATION_CHECKPOINT,4d04197082095390f95ca82e5f9a2d991c3ebac51e983403ae25b3f0b1b92f33,,,,
