pde,method,seed,selected_update,phase,selection_score,train_balance_loss,train_bc_diagnostic_loss,train_field_loss,train_initial_field_loss,train_loss,train_physics_loss,train_rank_loss,train_sensor_consistency_loss,update,validation_field_nrmse,validation_normalized_teacher_regret_mean,validation_teacher_best_agreement
burgers,P,11,5000,field,0.11797859376565611,0.0,2.075881242076527e-15,0.0021540464367717505,0.0007225442677736282,0.007259761914610863,0.0,0.0,0.00438317097723484,500,0.2358330935239792,0.0001240940073330421,0.96875
burgers,P,11,5000,field,0.11626886668454972,0.0,2.074461614856929e-15,0.006301891058683395,0.0010426670778542757,0.01210790779441595,0.0,0.0,0.004763349890708923,1000,0.23246482014656067,7.291322253877297e-05,0.984375
burgers,P,11,5000,field,0.08778305264434039,0.0,1.891865028351425e-15,0.0022914009168744087,0.0009140625479631126,0.007489050272852182,0.0,0.0,0.004283586982637644,1500,0.17549023032188416,7.587496679661854e-05,0.96875
burgers,P,11,5000,field,0.0836144751521033,0.0,1.6890921170423234e-15,0.0034616526681929827,0.001648849924094975,0.010280500166118145,0.0,0.0,0.005169997923076153,2000,0.16715307533740997,7.587496679661854e-05,0.96875
burgers,P,11,5000,physics_ranking,0.08260442882249208,1.1327757398760241e-08,3.4336886090523266e-15,0.002423554426059127,0.0011103012366220355,0.008120136335492134,2.2582802557735704e-05,0.00013838897575624287,0.00457225413993001,2500,0.16520589590072632,2.9617442578455666e-06,0.984375
burgers,P,11,5000,physics_ranking,0.0806319630356711,2.211694294373956e-08,1.458146889907544e-15,0.0014509842731058598,0.0008248733938671649,0.0068704793229699135,1.5006116882432252e-05,5.8278601500205696e-05,0.004588643554598093,3000,0.1611880511045456,7.587496679661854e-05,0.96875
burgers,P,11,5000,physics_ranking,0.07976349263856264,1.4644021106846594e-08,1.7045388216266897e-15,0.0012883807066828012,0.0009157583117485046,0.0069007109850645065,2.0071562175871804e-05,7.011394336586818e-05,0.004689359571784735,3500,0.15952402353286743,2.9617442578455666e-06,0.984375
burgers,P,11,5000,physics_ranking,0.07926092117497774,8.314995803004877e-09,1.2990588558201357e-15,0.0019118266645818949,0.0010050921700894833,0.007440881337970495,1.7671800378593616e-05,3.8079131627455354e-05,0.004519977606832981,4000,0.15851888060569763,2.9617442578455666e-06,0.984375
burgers,P,11,5000,physics_ranking,0.0792295393295035,9.726572436363767e-09,1.2734632142200053e-15,0.0022363471798598766,0.0012604395160451531,0.00802319310605526,1.532263013359625e-05,3.422892768867314e-05,0.004522830247879028,4500,0.15845611691474915,2.9617442578455666e-06,0.984375
burgers,P,11,5000,physics_ranking,0.07912969409892412,1.5676183906521146e-08,3.1903368903391134e-15,0.002273364458233118,0.0012254343600943685,0.00796070322394371,2.7989191949018277e-05,4.591921606333926e-05,0.00445703137665987,5000,0.1582564264535904,2.9617442578455666e-06,0.984375
burgers,P,23,5000,field,0.11814999437228835,0.0,1.136694498292748e-15,0.004526324570178986,0.0011600753059610724,0.01078441645950079,0.0,0.0,0.00509801646694541,500,0.23617589473724365,0.0001240940073330421,0.96875
burgers,P,23,5000,field,0.11496024670850602,0.0,1.3636688349707993e-15,0.004093559458851814,0.0009157664026133716,0.009977363049983978,0.0,0.0,0.0049680378288030624,1000,0.22984758019447327,7.291322253877297e-05,0.984375
burgers,P,23,5000,field,0.10069597425183474,0.0,2.223773194667128e-15,0.00385644705966115,0.0010018610628321767,0.009669274091720581,0.0,0.0,0.004810965619981289,1500,0.20131607353687286,7.587496679661854e-05,0.96875
burgers,P,23,5000,field,0.08510196866711794,0.0,1.9638628288680404e-15,0.001784524996764958,0.0009567986708134413,0.0075170500203967094,0.0,0.0,0.0047757262364029884,2000,0.17012806236743927,7.587496679661854e-05,0.96875
burgers,P,23,5000,physics_ranking,0.08297253312787234,1.7959601805728198e-08,1.43926821957914e-15,0.002374415984377265,0.0011554142693057656,0.008485079742968082,2.5117424229392782e-05,8.165287727024406e-05,0.004946874920278788,2500,0.16586919128894806,7.587496679661854e-05,0.96875
burgers,P,23,5000,physics_ranking,0.08138243946086732,1.190072485002247e-08,1.5592758475461294e-15,0.0017688224324956536,0.0011010683374479413,0.007722743786871433,1.8696817278396338e-05,5.0312504754401743e-05,0.004847634583711624,3000,0.16269196569919586,7.291322253877297e-05,0.984375
burgers,P,23,5000,physics_ranking,0.08050542324781418,6.4261977961166394e-09,1.7838818801036577e-15,0.0018919999711215496,0.0010522028896957636,0.008011585101485252,2.5949162591132335e-05,9.5600844360888e-05,0.00505756214261055,3500,0.16101084649562836,0.0,1.0
burgers,P,23,5000,physics_ranking,0.08011726947745501,9.725316552078311e-09,1.8350894686881532e-15,0.0025331638753414154,0.0014594815438613296,0.00907196756452322,2.265306466142647e-05,3.667580313049257e-05,0.005075427703559399,4000,0.1601586639881134,7.587496679661854e-05,0.96875
burgers,P,23,5000,physics_ranking,0.08001998632619234,6.614425895890008e-09,1.876048593885582e-15,0.0030585320200771093,0.0013439125614240766,0.00899256207048893,2.9616878236993216e-05,3.73500952264294e-05,0.0045860870741307735,4500,0.16003701090812683,2.9617442578455666e-06,0.984375
burgers,P,23,5000,physics_ranking,0.07990055351922365,1.1159273505256806e-08,1.734296571371391e-15,0.0019456015434116125,0.0010666423477232456,0.007721327245235443,1.802414408302866e-05,2.6836758479475975e-05,0.004706219770014286,5000,0.15979814529418945,2.9617442578455666e-06,0.984375
burgers,P,37,5000,field,0.11824087655440962,0.0,2.789045714214969e-15,0.004232990089803934,0.0010889233089983463,0.00973031297326088,0.0,0.0,0.004408399108797312,500,0.2363576591014862,0.0001240940073330421,0.96875
burgers,P,37,5000,field,0.11602547111760941,0.0,1.283798922000639e-15,0.0032668067142367363,0.0008566286996938288,0.008614549413323402,0.0,0.0,0.004491114057600498,1000,0.23197802901268005,7.291322253877297e-05,0.984375
burgers,P,37,5000,field,0.09969196381291567,0.0,1.4694437683250745e-15,0.003758564591407776,0.00111868092790246,0.009806990623474121,0.0,0.0,0.004929745104163885,1500,0.19930805265903473,7.587496679661854e-05,0.96875
burgers,P,37,5000,field,0.08599164249619662,0.0,2.169401302749927e-15,0.0028716286178678274,0.0012234445894137025,0.008816254325211048,0.0,0.0,0.004721181001514196,2000,0.17190741002559662,7.587496679661854e-05,0.96875
burgers,P,37,5000,physics_ranking,0.08398038240920869,1.7995754220123672e-08,2.309133998717864e-15,0.002480832627043128,0.0011015321360900998,0.008166143670678139,2.109898196067661e-05,0.000126043421914801,0.004570998251438141,2500,0.1678878515958786,7.291322253877297e-05,0.984375
burgers,P,37,5000,physics_ranking,0.08328894617807237,1.212816336249034e-08,2.498750582531975e-15,0.001216846751049161,0.0006759044481441379,0.0063978321850299835,1.7085441868402995e-05,7.417303277179599e-05,0.004497492220252752,3000,0.16650497913360596,7.291322253877297e-05,0.984375
burgers,P,37,5000,physics_ranking,0.08170385750781861,1.2476698785235385e-08,1.6701204848479584e-15,0.0018051371444016695,0.001179612590931356,0.008492670953273773,1.570116182847414e-05,4.1232189687434584e-05,0.005503640975803137,3500,0.16333480179309845,7.291322253877297e-05,0.984375
burgers,P,37,5000,physics_ranking,0.08118090870630112,1.1823033219116041e-08,2.9000171947006492e-15,0.0018220337806269526,0.001158444327302277,0.007847636938095093,2.272082565468736e-05,6.209268030943349e-05,0.0048607224598526955,4000,0.16228890419006348,7.291322253877297e-05,0.984375
burgers,P,37,5000,physics_ranking,0.08101734431704699,9.522984179000105e-09,1.6121580202673466e-15,0.0017166313482448459,0.0010744225000962615,0.007447549607604742,1.869730476755649e-05,2.13466482819058e-05,0.004654173739254475,4500,0.16195881366729736,7.587496679661854e-05,0.96875
burgers,P,37,5000,physics_ranking,0.08095040830096423,7.833754978037177e-09,3.00709232362896e-15,0.0024083300959318876,0.0013013213174417615,0.008794032037258148,2.0779467376996763e-05,4.932581941829994e-05,0.005079240538179874,5000,0.16182494163513184,7.587496679661854e-05,0.96875
burgers,P-no-rank,11,5000,field,0.11797859376565611,0.0,2.075881242076527e-15,0.0021540464367717505,0.0007225442677736282,0.007259761914610863,0.0,0.0,0.00438317097723484,500,0.2358330935239792,0.0001240940073330421,0.96875
burgers,P-no-rank,11,5000,field,0.11626886668454972,0.0,2.074461614856929e-15,0.006301891058683395,0.0010426670778542757,0.01210790779441595,0.0,0.0,0.004763349890708923,1000,0.23246482014656067,7.291322253877297e-05,0.984375
burgers,P-no-rank,11,5000,field,0.08778305264434039,0.0,1.891865028351425e-15,0.0022914009168744087,0.0009140625479631126,0.007489050272852182,0.0,0.0,0.004283586982637644,1500,0.17549023032188416,7.587496679661854e-05,0.96875
burgers,P-no-rank,11,5000,field,0.0836144751521033,0.0,1.6890921170423234e-15,0.0034616526681929827,0.001648849924094975,0.010280500166118145,0.0,0.0,0.005169997923076153,2000,0.16715307533740997,7.587496679661854e-05,0.96875
burgers,P-no-rank,11,5000,physics_ranking,0.08247745694836794,1.2421377704185943e-08,3.3994413729289408e-15,0.0024219127371907234,0.0011103012366220355,0.00810465682297945,2.2663381969323382e-05,0.00025094213197007775,0.00457225413993001,2500,0.16487903892993927,7.587496679661854e-05,0.96875
burgers,P-no-rank,11,5000,physics_ranking,0.08072663011273562,2.1134663796829045e-08,1.5985239661901046e-15,0.0014575556851923466,0.0008248733938671649,0.006871222984045744,1.5001612155174371e-05,0.00013754836982116103,0.004588643554598093,3000,0.16137738525867462,7.587496679661854e-05,0.96875
burgers,P-no-rank,11,5000,physics_ranking,0.07985143929192873,1.4116665170149645e-08,1.7550262204477822e-15,0.001295007299631834,0.0009157583117485046,0.006900325883179903,2.0064027921762317e-05,0.0003020868171006441,0.004689359571784735,3500,0.1596999168395996,2.9617442578455666e-06,0.984375
burgers,P-no-rank,11,5000,physics_ranking,0.07937929599950166,8.491847225400306e-09,1.3636493532130124e-15,0.0019097132608294487,0.0010050921700894833,0.00743495998904109,1.768663787515834e-05,7.791980169713497e-05,0.004519977606832981,4000,0.15875563025474548,2.9617442578455666e-06,0.984375
burgers,P-no-rank,11,5000,physics_ranking,0.07932478010127397,9.571611059300267e-09,1.1359728262216873e-15,0.002237578621134162,0.0012604395160451531,0.00802100170403719,1.53278888319619e-05,8.301163325086236e-05,0.004522830247879028,4500,0.1586465984582901,2.9617442578455666e-06,0.984375
burgers,P-no-rank,11,5000,physics_ranking,0.07923113375375124,1.5409302278612813e-08,2.7400804336000922e-15,0.002275360282510519,0.0012254343600943685,0.007958104833960533,2.796878106892109e-05,0.00013988290447741747,0.00445703137665987,5000,0.15845930576324463,2.9617442578455666e-06,0.984375
burgers,P-no-rank,23,5000,field,0.11814999437228835,0.0,1.136694498292748e-15,0.004526324570178986,0.0011600753059610724,0.01078441645950079,0.0,0.0,0.00509801646694541,500,0.23617589473724365,0.0001240940073330421,0.96875
burgers,P-no-rank,23,5000,field,0.11496024670850602,0.0,1.3636688349707993e-15,0.004093559458851814,0.0009157664026133716,0.009977363049983978,0.0,0.0,0.0049680378288030624,1000,0.22984758019447327,7.291322253877297e-05,0.984375
burgers,P-no-rank,23,5000,field,0.10069597425183474,0.0,2.223773194667128e-15,0.00385644705966115,0.0010018610628321767,0.009669274091720581,0.0,0.0,0.004810965619981289,1500,0.20131607353687286,7.587496679661854e-05,0.96875
burgers,P-no-rank,23,5000,field,0.08510196866711794,0.0,1.9638628288680404e-15,0.001784524996764958,0.0009567986708134413,0.0075170500203967094,0.0,0.0,0.0047757262364029884,2000,0.17012806236743927,7.587496679661854e-05,0.96875
burgers,P-no-rank,23,5000,physics_ranking,0.0830680644722861,1.8124385547935162e-08,1.332055024280427e-15,0.002392510185018182,0.0011554142693057656,0.008495008572936058,2.510388003429398e-05,0.0001218407996930182,0.004946874920278788,2500,0.16606025397777557,7.587496679661854e-05,0.96875
burgers,P-no-rank,23,5000,physics_ranking,0.08150661649426638,1.1567864888206714e-08,1.5120452904072296e-15,0.001783173531293869,0.0011010683374479413,0.00773206353187561,1.870697087724693e-05,0.00011931687186006457,0.004847634583711624,3000,0.16293735802173615,7.587496679661854e-05,0.96875
burgers,P-no-rank,23,5000,physics_ranking,0.08057227643450915,6.642041583404534e-09,1.8545312041682444e-15,0.0018897505942732096,0.0010522028896957636,0.007999774999916553,2.593224598967936e-05,0.0001784747000783682,0.00505756214261055,3500,0.16106867790222168,7.587496679661854e-05,0.96875
burgers,P-no-rank,23,5000,physics_ranking,0.0802057078691405,9.953081026026211e-09,1.4434197398118702e-15,0.002529320539906621,0.0014594815438613296,0.009064456447958946,2.264563227072358e-05,7.836884469725192e-05,0.005075427703559399,4000,0.16033554077148438,7.587496679661854e-05,0.96875
burgers,P-no-rank,23,5000,physics_ranking,0.0801245561452788,6.692036258471035e-09,1.7847850289836676e-15,0.003061125986278057,0.0013439125614240766,0.0089914221316576,2.9600543712149374e-05,8.478882955387235e-05,0.0045860870741307735,4500,0.160173237323761,7.587496679661854e-05,0.96875
burgers,P-no-rank,23,5000,physics_ranking,0.08000883372744738,1.106795011196482e-08,1.5694741242310711e-15,0.0019499794580042362,0.0010666423477232456,0.007723021786659956,1.8017955881077796e-05,6.256101187318563e-05,0.004706219770014286,5000,0.15994179248809814,7.587496679661854e-05,0.96875
burgers,P-no-rank,37,5000,field,0.11824087655440962,0.0,2.789045714214969e-15,0.004232990089803934,0.0010889233089983463,0.00973031297326088,0.0,0.0,0.004408399108797312,500,0.2363576591014862,0.0001240940073330421,0.96875
burgers,P-no-rank,37,5000,field,0.11602547111760941,0.0,1.283798922000639e-15,0.0032668067142367363,0.0008566286996938288,0.008614549413323402,0.0,0.0,0.004491114057600498,1000,0.23197802901268005,7.291322253877297e-05,0.984375
burgers,P-no-rank,37,5000,field,0.09969196381291567,0.0,1.4694437683250745e-15,0.003758564591407776,0.00111868092790246,0.009806990623474121,0.0,0.0,0.004929745104163885,1500,0.19930805265903473,7.587496679661854e-05,0.96875
burgers,P-no-rank,37,5000,field,0.08599164249619662,0.0,2.169401302749927e-15,0.0028716286178678274,0.0012234445894137025,0.008816254325211048,0.0,0.0,0.004721181001514196,2000,0.17190741002559662,7.587496679661854e-05,0.96875
burgers,P-no-rank,37,5000,physics_ranking,0.08397570344459382,1.8085549058355355e-08,2.507421023538307e-15,0.002479824936017394,0.0011015321360900998,0.008152531459927559,2.1096449927426875e-05,0.0002664514759089798,0.004570998251438141,2500,0.16787849366664886,7.291322253877297e-05,0.984375
burgers,P-no-rank,37,5000,physics_ranking,0.08346287073811709,1.2348621680757788e-08,2.2916002049514633e-15,0.001224333536811173,0.0006759044481441379,0.006397901568561792,1.710495780571364e-05,0.00020960508845746517,0.004497492220252752,3000,0.16684986650943756,7.587496679661854e-05,0.96875
burgers,P-no-rank,37,5000,physics_ranking,0.08174239011725604,1.2217852507490079e-08,1.4546556318571985e-15,0.0018087747739627957,0.001179612590931356,0.008492185734212399,1.571700158820022e-05,7.907449617050588e-05,0.005503640975803137,3500,0.16340890526771545,7.587496679661854e-05,0.96875
burgers,P-no-rank,37,5000,physics_ranking,0.08125425787886797,1.1794541343590481e-08,2.723671711345882e-15,0.0018197890603914857,0.001158444327302277,0.007839183323085308,2.271843004564289e-05,0.00016838873852975667,0.0048607224598526955,4000,0.16243264079093933,7.587496679661854e-05,0.96875
burgers,P-no-rank,37,5000,physics_ranking,0.08108856441697299,1.0103876846301318e-08,1.6129610075013437e-15,0.0017188485944643617,0.0010744225000962615,0.0074476320296525955,1.8710958102019504e-05,4.901908687315881e-05,0.004654173739254475,4500,0.16210125386714935,7.587496679661854e-05,0.96875
burgers,P-no-rank,37,5000,physics_ranking,0.08102249266823947,8.656969363585176e-09,3.638572326465986e-15,0.002404778031632304,0.0013013213174417615,0.008785547688603401,2.0794041120097972e-05,0.00013695280358660966,0.005079240538179874,5000,0.1619691103696823,7.587496679661854e-05,0.96875
burgers,B4,11,5000,field,0.11824522024289763,0.0,2.004730474507166e-15,0.0021516531705856323,0.0007225442677736282,0.007257368415594101,0.0,0.0,0.00438317097723484,500,0.23636634647846222,0.0001240940073330421,0.96875
burgers,B4,11,5000,field,0.11490848573168932,0.0,2.458973915328913e-15,0.006125681102275848,0.0010426670778542757,0.011931697838008404,0.0,0.0,0.004763349890708923,1000,0.22974109649658203,7.587496679661854e-05,0.96875
burgers,B4,11,5000,field,0.09998026565801865,0.0,1.4986147359955654e-15,0.0025171858724206686,0.0009140625479631126,0.007714834995567799,0.0,0.0,0.004283586982637644,1500,0.19986674189567566,9.378942036164517e-05,0.953125
burgers,B4,11,5000,field,0.08423846872767626,0.0,2.0092163609958247e-15,0.0034157366026192904,0.001648849924094975,0.010234584100544453,0.0,0.0,0.005169997923076153,2000,0.1684010624885559,7.587496679661854e-05,0.96875
burgers,B4,11,5000,physics_ranking,0.08559226336728898,3.4853510300081325e-08,3.4304698838527603e-15,0.0023827103432267904,0.0011103012366220355,0.0080776521936059,2.26723677769769e-05,0.00012197814066894352,0.00457225413993001,2500,0.17111161351203918,7.291322253877297e-05,0.984375
burgers,B4,11,5000,physics_ranking,0.08138130697261658,2.937724907781103e-08,1.7969871738635762e-15,0.0014279827009886503,0.0008248733938671649,0.006846525240689516,1.4870862287352793e-05,4.876727325608954e-05,0.004588643554598093,3000,0.1626897007226944,7.291322253877297e-05,0.984375
burgers,B4,11,5000,physics_ranking,0.07995990663766861,1.6924428081210863e-08,1.796607914861443e-15,0.0013265077723190188,0.0009157583117485046,0.006936484016478062,2.04464013222605e-05,4.653938231058419e-05,0.004689359571784735,3500,0.15991981327533722,0.0,1.0
burgers,B4,11,5000,physics_ranking,0.07954884886214586,1.2572127339183226e-08,1.4523853718003202e-15,0.0018421475542709231,0.0010050921700894833,0.007371186278760433,1.741830237733666e-05,3.794640360865742e-05,0.004519977606832981,4000,0.15909473598003387,2.9617442578455666e-06,0.984375
burgers,B4,11,5000,physics_ranking,0.07952962070703506,1.1459128756996506e-08,1.1077600645727778e-15,0.00225099828094244,0.0012604395160451531,0.008037419989705086,1.5715482732048258e-05,2.9946459108032286e-05,0.004522830247879028,4500,0.15905924141407013,0.0,1.0
burgers,B4,11,5000,physics_ranking,0.0794169008731842,2.7111557443504353e-08,2.2872667843933103e-15,0.002246552612632513,0.0012254343600943685,0.007932689972221851,2.780523573164828e-05,3.394018131075427e-05,0.00445703137665987,5000,0.1588338017463684,0.0,1.0
burgers,B4,23,5000,field,0.11779992884294188,0.0,1.340182305409332e-15,0.004478460177779198,0.0011600753059610724,0.010736552067101002,0.0,0.0,0.00509801646694541,500,0.23547576367855072,0.0001240940073330421,0.96875
burgers,B4,23,5000,field,0.10845871524634276,0.0,1.3385322852280807e-15,0.0037215310148894787,0.0009157664026133716,0.00960533507168293,0.0,0.0,0.0049680378288030624,1000,0.21682660281658173,9.08276761037996e-05,0.96875
burgers,B4,23,5000,field,0.09180332703829208,0.0,2.2199175006912264e-15,0.0030325788538903,0.0010018610628321767,0.008845405653119087,0.0,0.0,0.004810965619981289,1500,0.1835857778787613,2.08761978228722e-05,0.96875
burgers,B4,23,5000,field,0.08350417093527085,0.0,2.1889101655910882e-15,0.0016597708454355597,0.0009567986708134413,0.007392296101897955,0.0,0.0,0.0047757262364029884,2000,0.16691455245018005,9.378942036164517e-05,0.953125
burgers,B4,23,5000,physics_ranking,0.08255201578140259,2.8283313469046334e-08,1.3323464036142825e-15,0.002297208411619067,0.0011554142693057656,0.008406293578445911,2.5306590032414533e-05,6.584169750567526e-05,0.004946874920278788,2500,0.16510403156280518,0.0,1.0
burgers,B4,23,5000,physics_ranking,0.08090285956859589,9.443103188289115e-09,1.6184021353962685e-15,0.0017702478216961026,0.0011010683374479413,0.007723849266767502,1.8824544895323925e-05,4.710620851255953e-05,0.004847634583711624,3000,0.16180571913719177,0.0,1.0
burgers,B4,23,5000,physics_ranking,0.08019831776618958,1.3820240063466827e-08,2.1078660531977968e-15,0.0019455174915492535,0.0010522028896957636,0.008062801323831081,2.6336490918765776e-05,7.255416130647063e-05,0.00505756214261055,3500,0.16039663553237915,0.0,1.0
burgers,B4,23,5000,physics_ranking,0.07968775003621431,7.008329028224125e-09,1.7537613884992947e-15,0.002558333333581686,0.0014594815438613296,0.009096578694880009,2.2999336579232477e-05,3.105995710939169e-05,0.005075427703559399,4000,0.15937253832817078,2.9617442578455666e-06,0.984375
burgers,B4,23,5000,physics_ranking,0.07967158227631899,2.3097820545103787e-08,1.7411475856070205e-15,0.0030787657015025616,0.0013439125614240766,0.009012795053422451,2.9615468520205468e-05,3.7335994420573115e-05,0.0045860870741307735,4500,0.15934020280838013,2.9617442578455666e-06,0.984375
burgers,B4,23,5000,physics_ranking,0.07955851226518007,5.631319410781543e-09,1.6619193000944055e-15,0.0019463449716567993,0.0010666423477232456,0.007722133304923773,1.7899776139529422e-05,2.746845711953938e-05,0.004706219770014286,5000,0.1591140627861023,2.9617442578455666e-06,0.984375
burgers,B4,37,5000,field,0.11755700266257918,0.0,2.8590716220303763e-15,0.004124486818909645,0.0010889233089983463,0.009621809236705303,0.0,0.0,0.004408399108797312,500,0.23498991131782532,0.0001240940073330421,0.96875
burgers,B4,37,5000,field,0.10544287505399552,0.0,1.1588209046991616e-15,0.0028033421840518713,0.0008566286996938288,0.008151085115969181,0.0,0.0,0.004491114057600498,1000,0.21081283688545227,7.291322253877297e-05,0.984375
burgers,B4,37,5000,field,0.08654140756618744,0.0,1.736668263623703e-15,0.0025294499937444925,0.00111868092790246,0.008577875792980194,0.0,0.0,0.004929745104163885,1500,0.17298902571201324,9.378942036164517e-05,0.953125
burgers,B4,37,5000,field,0.08445876749476611,0.0,1.9198391384674454e-15,0.002686301013454795,0.0012234445894137025,0.008630926720798016,0.0,0.0,0.004721181001514196,2000,0.1688416600227356,7.587496679661854e-05,0.96875
burgers,B4,37,5000,physics_ranking,0.08212119998654543,2.4821044775080736e-08,2.3826276594193308e-15,0.0023407551925629377,0.0011015321360900998,0.008025342598557472,2.117482654284686e-05,0.00011879613157361746,0.004570998251438141,2500,0.16416652500629425,7.587496679661854e-05,0.96875
burgers,B4,37,5000,physics_ranking,0.08175028773268878,8.261681117005537e-09,2.1387548036853193e-15,0.0011632321402430534,0.0006759044481441379,0.00634196400642395,1.6930889614741318e-05,5.1658047595992684e-05,0.004497492220252752,3000,0.16342470049858093,7.587496679661854e-05,0.96875
burgers,B4,37,5000,physics_ranking,0.08010366559028625,1.0141510742300852e-08,1.5223369524746061e-15,0.0017217296408489347,0.001179612590931356,0.008408253081142902,1.5556372090941295e-05,3.114733408438042e-05,0.005503640975803137,3500,0.1602073311805725,0.0,1.0
burgers,B4,37,5000,physics_ranking,0.07978636771440506,1.0173851983097393e-08,2.885817534372878e-15,0.001716590952128172,0.001158444327302277,0.007742599584162235,2.2649644961347803e-05,6.615198799408972e-05,0.0048607224598526955,4000,0.15957273542881012,0.0,1.0
burgers,B4,37,5000,physics_ranking,0.07964608638951631,5.387310153537328e-09,1.552850467366495e-15,0.0016195336356759071,0.0010744225000962615,0.007350781001150608,1.8628375983098522e-05,2.4647466489113867e-05,0.004654173739254475,4500,0.15928921103477478,2.9617442578455666e-06,0.984375
burgers,B4,37,5000,physics_ranking,0.07959271043011995,5.148868886806213e-09,2.897625173657603e-15,0.002231182297691703,0.0013013213174417615,0.008615802973508835,2.0716883227578364e-05,3.851111250696704e-05,0.005079240538179874,5000,0.15918245911598206,2.9617442578455666e-06,0.984375
burgers,B5,11,5000,field,0.11797859376565611,0.0,2.075881242076527e-15,0.0021540464367717505,0.0007225442677736282,0.007259761914610863,0.0,0.0,0.00438317097723484,500,0.2358330935239792,0.0001240940073330421,0.96875
burgers,B5,11,5000,field,0.11626886668454972,0.0,2.074461614856929e-15,0.006301891058683395,0.0010426670778542757,0.01210790779441595,0.0,0.0,0.004763349890708923,1000,0.23246482014656067,7.291322253877297e-05,0.984375
burgers,B5,11,5000,field,0.08778305264434039,0.0,1.891865028351425e-15,0.0022914009168744087,0.0009140625479631126,0.007489050272852182,0.0,0.0,0.004283586982637644,1500,0.17549023032188416,7.587496679661854e-05,0.96875
burgers,B5,11,5000,field,0.0836144751521033,0.0,1.6890921170423234e-15,0.0034616526681929827,0.001648849924094975,0.010280500166118145,0.0,0.0,0.005169997923076153,2000,0.16715307533740997,7.587496679661854e-05,0.96875
burgers,B5,11,5000,physics_ranking,0.08260444372365328,1.1328984861336266e-08,2.7331821972776532e-15,0.0024235553573817015,0.0011103012366220355,0.008119948208332062,2.2582817109650932e-05,0.00013837849837727845,0.00457225413993001,2500,0.1652059257030487,2.9617442578455666e-06,0.984375
burgers,B5,11,5000,physics_ranking,0.0806319779368323,2.2125169252262822e-08,1.4809151355297395e-15,0.0014509864849969745,0.0008248733938671649,0.00687033124268055,1.5006136891315691e-05,5.8279139921069145e-05,0.004588643554598093,3000,0.16118808090686798,7.587496679661854e-05,0.96875
burgers,B5,11,5000,physics_ranking,0.07976350753972383,1.4649109481013056e-08,2.2985587923713942e-15,0.0012883846648037434,0.0009157583117485046,0.006900514476001263,2.0071587641723454e-05,7.011771231191233e-05,0.004689359571784735,3500,0.15952405333518982,2.9617442578455666e-06,0.984375
burgers,B5,11,5000,physics_ranking,0.07926093607613893,8.318797206641193e-09,1.454106542749141e-15,0.0019118275959044695,0.0010050921700894833,0.007440704852342606,1.767180765455123e-05,3.8074038457125425e-05,0.004519977606832981,4000,0.15851891040802002,2.9617442578455666e-06,0.984375
burgers,B5,11,5000,physics_ranking,0.07922955423066469,9.731441430460563e-09,1.3042816609729058e-15,0.002236349508166313,0.0012604395160451531,0.008023040369153023,1.5322631952585652e-05,3.42164421454072e-05,0.004522830247879028,4500,0.15845614671707153,2.9617442578455666e-06,0.984375
burgers,B5,11,5000,physics_ranking,0.07912972390124651,1.5680507559068246e-08,1.9123547553455064e-15,0.002273367717862129,0.0012254343600943685,0.0079604247584939,2.7989251975668594e-05,4.5912573114037514e-05,0.00445703137665987,5000,0.15825648605823517,2.9617442578455666e-06,0.984375
burgers,B5,23,5000,field,0.11814999437228835,0.0,1.136694498292748e-15,0.004526324570178986,0.0011600753059610724,0.01078441645950079,0.0,0.0,0.00509801646694541,500,0.23617589473724365,0.0001240940073330421,0.96875
burgers,B5,23,5000,field,0.11496024670850602,0.0,1.3636688349707993e-15,0.004093559458851814,0.0009157664026133716,0.009977363049983978,0.0,0.0,0.0049680378288030624,1000,0.22984758019447327,7.291322253877297e-05,0.984375
burgers,B5,23,5000,field,0.10069597425183474,0.0,2.223773194667128e-15,0.00385644705966115,0.0010018610628321767,0.009669274091720581,0.0,0.0,0.004810965619981289,1500,0.20131607353687286,7.587496679661854e-05,0.96875
burgers,B5,23,5000,field,0.08510196866711794,0.0,1.9638628288680404e-15,0.001784524996764958,0.0009567986708134413,0.0075170500203967094,0.0,0.0,0.0047757262364029884,2000,0.17012806236743927,7.587496679661854e-05,0.96875
burgers,B5,23,5000,physics_ranking,0.08297253312787234,1.7964000065262553e-08,1.6939820382468225e-15,0.002374415984377265,0.0011554142693057656,0.008484870195388794,2.5117409677477553e-05,8.164595055859536e-05,0.004946874920278788,2500,0.16586919128894806,7.587496679661854e-05,0.96875
burgers,B5,23,5000,physics_ranking,0.08138245436202851,1.1902203667091271e-08,1.7331623942550174e-15,0.0017688240623101592,0.0011010683374479413,0.007722556125372648,1.8696819097385742e-05,5.0290385843254626e-05,0.004847634583711624,3000,0.16269199550151825,7.291322253877297e-05,0.984375
burgers,B5,23,5000,physics_ranking,0.08050544559955597,6.42824016239274e-09,1.771535527864479e-15,0.0018920045113191009,0.0010522028896957636,0.008011328056454659,2.5949204427888617e-05,9.559228783473372e-05,0.00505756214261055,3500,0.16101089119911194,0.0,1.0
burgers,B5,23,5000,physics_ranking,0.080117306730358,9.727673777604195e-09,1.6612613672526257e-15,0.002533166902139783,0.0014594815438613296,0.009071744047105312,2.2653073756373487e-05,3.667424607556313e-05,0.005075427703559399,4000,0.16015873849391937,7.587496679661854e-05,0.96875
burgers,B5,23,5000,physics_ranking,0.08002000867793413,6.615626713113443e-09,1.968262529754316e-15,0.003058534814044833,0.0013439125614240766,0.008992270566523075,2.961690006486606e-05,3.736410872079432e-05,0.0045860870741307735,4500,0.1600370556116104,2.9617442578455666e-06,0.984375
burgers,B5,23,5000,physics_ranking,0.07990057587096544,1.116160319725168e-08,1.4739762416258323e-15,0.0019456021254882216,0.0010666423477232456,0.007721148431301117,1.8024151358986273e-05,2.684080391190946e-05,0.004706219770014286,5000,0.15979818999767303,2.9617442578455666e-06,0.984375
burgers,B5,37,5000,field,0.11824087655440962,0.0,2.789045714214969e-15,0.004232990089803934,0.0010889233089983463,0.00973031297326088,0.0,0.0,0.004408399108797312,500,0.2363576591014862,0.0001240940073330421,0.96875
burgers,B5,37,5000,field,0.11602547111760941,0.0,1.283798922000639e-15,0.0032668067142367363,0.0008566286996938288,0.008614549413323402,0.0,0.0,0.004491114057600498,1000,0.23197802901268005,7.291322253877297e-05,0.984375
burgers,B5,37,5000,field,0.09969196381291567,0.0,1.4694437683250745e-15,0.003758564591407776,0.00111868092790246,0.009806990623474121,0.0,0.0,0.004929745104163885,1500,0.19930805265903473,7.587496679661854e-05,0.96875
burgers,B5,37,5000,field,0.08599164249619662,0.0,2.169401302749927e-15,0.0028716286178678274,0.0012234445894137025,0.008816254325211048,0.0,0.0,0.004721181001514196,2000,0.17190741002559662,7.587496679661854e-05,0.96875
burgers,B5,37,5000,physics_ranking,0.08398038985978928,1.8000065438172896e-08,2.4968771574108853e-15,0.0024808342568576336,0.0011015321360900998,0.008165967650711536,2.1098985598655418e-05,0.00012603701907210052,0.004570998251438141,2500,0.1678878664970398,7.291322253877297e-05,0.984375
burgers,B5,37,5000,physics_ranking,0.08328896852981416,1.2130815463251565e-08,2.3068061404205725e-15,0.001216847449541092,0.0006759044481441379,0.006397662218660116,1.708545460132882e-05,7.418019231408834e-05,0.004497492220252752,3000,0.16650502383708954,7.291322253877297e-05,0.984375
burgers,B5,37,5000,physics_ranking,0.0817038724089798,1.2476937705230284e-08,1.5191792136472421e-15,0.0018051379593089223,0.001179612590931356,0.008492514491081238,1.570116546645295e-05,4.1231600334867835e-05,0.005503640975803137,3500,0.16333483159542084,7.291322253877297e-05,0.984375
burgers,B5,37,5000,physics_ranking,0.08118093850862351,1.1823789947129626e-08,3.1374202010252955e-15,0.0018220372730866075,0.001158444327302277,0.00784741248935461,2.2720847482560202e-05,6.208092963788658e-05,0.0048607224598526955,4000,0.16228896379470825,7.291322253877297e-05,0.984375
burgers,B5,37,5000,physics_ranking,0.08101737411936938,9.52409617838157e-09,1.536599293240474e-15,0.001716633210889995,0.0010744225000962615,0.007447366137057543,1.8697330233408138e-05,2.1364132408052683e-05,0.004654173739254475,4500,0.16195887327194214,7.587496679661854e-05,0.96875
burgers,B5,37,5000,physics_ranking,0.08095043810328661,7.833901527476428e-09,3.860545780623448e-15,0.0024083340540528297,0.0013013213174417615,0.008793828077614307,2.0779480109922588e-05,4.9324378778692335e-05,0.005079240538179874,5000,0.1618250012397766,7.587496679661854e-05,0.96875
heat,P,11,5000,field,0.05249145900605523,0.0,0.0,0.0005013549816794693,0.0002987608313560486,0.0021079147700220346,0.0,0.0,0.0013077990151941776,500,0.10474192351102829,0.00024099450108217013,0.890625
heat,P,11,5000,field,0.049509046446551075,0.0,0.0,0.0009727653814479709,0.00034308197791688144,0.002576348604634404,0.0,0.0,0.0012605012161657214,1000,0.09898121654987335,3.687634322879774e-05,0.953125
heat,P,11,5000,field,0.04863815020007678,0.0,0.0,0.0007030252018012106,0.0003764899156522006,0.0024480316787958145,0.0,0.0,0.0013685165904462337,1500,0.09725064784288406,2.5652557269495446e-05,0.953125
heat,P,11,5000,field,0.04414141539935823,0.0,0.0,0.0007680639973841608,0.00036082026781514287,0.002510929014533758,0.0,0.0,0.0013820447493344545,2000,0.08828282356262207,7.236094390350445e-09,0.984375
heat,P,11,5000,physics_ranking,0.04243429750204086,4.7744432407625936e-08,0.0,0.000539303058758378,0.0004169351595919579,0.0023463463876396418,7.1638105509919114e-06,4.590617027133703e-05,0.0013854573480784893,2500,0.08486859500408173,0.0,1.0
heat,P,11,5000,physics_ranking,0.04200067782524908,6.596314960916061e-08,0.0,0.0004872554272878915,0.0003798658144660294,0.002195218577980995,6.345661404338898e-06,3.49939800798893e-05,0.0013245339505374432,3000,0.08397746086120605,2.3894789292100427e-05,0.953125
heat,P,11,5000,physics_ranking,0.04134071407429474,2.5566011530031574e-08,0.0,0.00032067534630186856,0.0003396571846678853,0.0019525757525116205,4.1588923522795085e-06,1.6574980691075325e-05,0.0012905439361929893,3500,0.08265422284603119,2.720530255828635e-05,0.953125
heat,P,11,5000,physics_ranking,0.0402485901588534,4.5199929132877514e-08,0.0,0.0004893549485132098,0.00035586379817686975,0.00221726531162858,7.0767505349067505e-06,2.5531044229865074e-05,0.0013694220688194036,4000,0.08045021444559097,4.696587211583392e-05,0.96875
heat,P,11,5000,physics_ranking,0.039572766619357935,2.2972864499593015e-08,0.0,0.0004525562690105289,0.00032932579051703215,0.002082748571410775,6.4489249780308455e-06,1.2486707419157028e-05,0.001299553201533854,4500,0.07909856736660004,4.696587211583392e-05,0.96875
heat,P,11,5000,physics_ranking,0.03946126123014437,3.5527559560932787e-08,0.0,0.00037316710222512484,0.0003974844003096223,0.002220622729510069,4.641900886781514e-06,8.849892765283585e-06,0.001449039438739419,5000,0.07887555658817291,4.696587211583392e-05,0.96875
heat,P,23,5000,field,0.051532239378807354,0.0,0.0,0.0006223828531801701,0.000336665369104594,0.002291851444169879,0.0,0.0,0.001332803163677454,500,0.10302866250276566,3.58162548490526e-05,0.9375
heat,P,23,5000,field,0.049562794571861524,0.0,0.0,0.000977375078946352,0.00041222709114663303,0.002919997088611126,0.0,0.0,0.0015303947729989886,1000,0.09908609092235565,3.949822136739556e-05,0.9375
heat,P,23,5000,field,0.04877586350085039,0.0,0.0,0.0005851860041730106,0.0003528687229845673,0.0022844986524432898,0.0,0.0,0.0013464440125972033,1500,0.0975341722369194,1.7554764781380072e-05,0.984375
heat,P,23,5000,field,0.044992450279096374,0.0,0.0,0.000657703320030123,0.0005222639301791787,0.0027882824651896954,0.0,0.0,0.0016083153896033764,2000,0.08991221338510513,7.268717308761552e-05,0.953125
heat,P,23,5000,physics_ranking,0.04403233133825779,9.065247041917246e-08,0.0,0.0006437971605919302,0.000465457298560068,0.0023856754414737225,5.441920620796736e-06,8.070189505815506e-05,0.0012683046516031027,2500,0.08805331587791443,1.1346798601152841e-05,0.96875
heat,P,23,5000,physics_ranking,0.04313995916671498,1.6252786849690892e-07,0.0,0.0005384255782701075,0.0004963458632119,0.002453647553920746,5.234832315181848e-06,8.4102270193398e-05,0.0014104117872193456,3000,0.08626388013362885,1.6038199801116093e-05,0.9375
heat,P,23,5000,physics_ranking,0.04238947649446345,1.6472952779622574e-07,0.0,0.0006222578813321888,0.000459841889096424,0.002441044431179762,8.219544724852312e-06,1.7939135432243347e-05,0.001357066910713911,3500,0.08473038673400879,4.856625491811428e-05,0.96875
heat,P,23,5000,physics_ranking,0.04199585970544373,8.795930028782095e-08,0.0,0.00048351348959840834,0.00037742816493846476,0.0021711525041610003,7.3246719693997875e-06,2.4652807042002678e-05,0.0013076715404167771,4000,0.08394737541675568,4.434399413177914e-05,0.953125
heat,P,23,5000,physics_ranking,0.04179871335691132,9.949864221425742e-08,0.0,0.0006231821025721729,0.0005832909955643117,0.002678970107808709,8.314811566378921e-06,1.1536874808371067e-05,0.0014712591655552387,4500,0.08355679363012314,4.0633083699503914e-05,0.984375
heat,P,23,5000,physics_ranking,0.04178607717221894,1.518717738235864e-07,0.0,0.0007312074303627014,0.0006672231829725206,0.002984462073072791,1.122200319514377e-05,1.1217663995921612e-05,0.001584795885719359,5000,0.08353152126073837,4.0633083699503914e-05,0.984375
heat,P,37,5000,field,0.05161228202382517,0.0,0.0,0.0008798949420452118,0.0005439910455606878,0.0028575467877089977,0.0,0.0,0.0014336607418954372,500,0.10318136215209961,4.320189555073739e-05,0.953125
heat,P,37,5000,field,0.049477096643918195,0.0,0.0,0.000977938063442707,0.00032632387592457235,0.002571074292063713,0.0,0.0,0.001266812440007925,1000,0.0989285334944725,2.5659793363885797e-05,0.9375
heat,P,37,5000,field,0.04902985506131241,0.0,0.0,0.0007169826421886683,0.00035860156640410423,0.0024139201268553734,0.0,0.0,0.001338335801847279,1500,0.0978214219212532,0.000238288201371617,0.890625
heat,P,37,5000,field,0.04477174869998635,0.0,0.0,0.0004963676328770816,0.0003095993888564408,0.002112830989062786,0.0,0.0,0.0013068639673292637,2000,0.08945917338132858,8.432401864411077e-05,0.921875
heat,P,37,5000,physics_ranking,0.04435999431007076,4.885199089699199e-08,0.0,0.0004199112008791417,0.0002553008671384305,0.0019287698669359088,4.2478263821976725e-06,2.0731240510940552e-05,0.001251448760740459,2500,0.08871667087078094,3.317749360576272e-06,0.984375
heat,P,37,5000,physics_ranking,0.04391864629913922,2.818999611520212e-08,0.0,0.0004943794338032603,0.00034194154432043433,0.0021460948046296835,6.077813850424718e-06,1.38930045068264e-05,0.0013083235826343298,3000,0.08782833069562912,8.961902649318176e-06,0.953125
heat,P,37,5000,physics_ranking,0.04277878627181053,5.135494518526684e-08,0.0,0.00047574855852872133,0.0003535826108418405,0.0021287223789840937,6.5504241320013534e-06,1.4660297892987728e-05,0.0012978588929399848,3500,0.08555757254362106,0.0,1.0
heat,P,37,5000,physics_ranking,0.042431708322737904,5.556883664326051e-08,0.0,0.0005632787360809743,0.0003157566534355283,0.0021405555307865143,6.647308055107715e-06,1.1265277862548828e-05,0.0012603267095983028,4000,0.08485708385705948,6.332788416330004e-06,0.984375
heat,P,37,5000,physics_ranking,0.0422680489718914,4.9601119656017545e-08,0.0,0.0003380024863872677,0.0002298242470715195,0.0017423887038603425,5.6159710766223725e-06,7.882830686867237e-06,0.0011737170862033963,4500,0.0845360979437828,0.0,1.0
heat,P,37,5000,physics_ranking,0.04219834879040718,3.303996010117771e-08,0.0,0.0006236371118575335,0.0004697158874478191,0.0024857583921402693,8.278540008177515e-06,9.158742614090443e-06,0.0013914061710238457,5000,0.08439669758081436,0.0,1.0
heat,P-no-rank,11,5000,field,0.05249145900605523,0.0,0.0,0.0005013549816794693,0.0002987608313560486,0.0021079147700220346,0.0,0.0,0.0013077990151941776,500,0.10474192351102829,0.00024099450108217013,0.890625
heat,P-no-rank,11,5000,field,0.049509046446551075,0.0,0.0,0.0009727653814479709,0.00034308197791688144,0.002576348604634404,0.0,0.0,0.0012605012161657214,1000,0.09898121654987335,3.687634322879774e-05,0.953125
heat,P-no-rank,11,5000,field,0.04863815020007678,0.0,0.0,0.0007030252018012106,0.0003764899156522006,0.0024480316787958145,0.0,0.0,0.0013685165904462337,1500,0.09725064784288406,2.5652557269495446e-05,0.953125
heat,P-no-rank,11,5000,field,0.04414141539935823,0.0,0.0,0.0007680639973841608,0.00036082026781514287,0.002510929014533758,0.0,0.0,0.0013820447493344545,2000,0.08828282356262207,7.236094390350445e-09,0.984375
heat,P-no-rank,11,5000,physics_ranking,0.04239663404776817,1.0606370892674022e-07,0.0,0.0005410290905274451,0.0004169351595919579,0.002343482570722699,7.202792858151952e-06,0.00012419780250638723,0.0013854573480784893,2500,0.08473477512598038,5.849296955595662e-05,0.9375
heat,P-no-rank,11,5000,physics_ranking,0.04195335784819232,5.8656471679796596e-08,0.0,0.0004962171660736203,0.0003798658144660294,0.0022006817162036896,6.41557790004299e-06,0.00016315141692757607,0.0013245339505374432,3000,0.08389244973659515,1.4265959789483418e-05,0.9375
heat,P-no-rank,11,5000,physics_ranking,0.040748155804371855,2.1039825881530305e-08,0.0,0.0003152280405629426,0.0003396571846678853,0.001945470692589879,4.134834398428211e-06,2.0467909052968025e-05,0.0012905439361929893,3500,0.0814317837357521,6.452787299160434e-05,0.9375
heat,P-no-rank,11,5000,physics_ranking,0.03939907711651358,3.3941915944524226e-08,0.0,0.00045813462929800153,0.00035586379817686975,0.0021834911312907934,7.019303211563965e-06,0.00011342519428581,0.0013694220688194036,4000,0.07860018312931061,0.00019797110371655435,0.921875
heat,P-no-rank,11,5000,physics_ranking,0.03864508067749739,2.611491112247677e-08,0.0,0.00041893194429576397,0.00032932579051703215,0.0020478751976042986,6.3895181483530905e-06,0.00015265215188264847,0.001299553201533854,4500,0.07716649770736694,0.00012366364762783633,0.9375
heat,P-no-rank,11,5000,physics_ranking,0.038563906601893905,4.0277335244809365e-08,0.0,0.00035162505810149014,0.0003974844003096223,0.0021981955505907536,4.6079808271315414e-06,3.3667776733636856e-05,0.001449039438739419,5000,0.07700414955615997,0.00012366364762783633,0.9375
heat,P-no-rank,23,4500,field,0.051532239378807354,0.0,0.0,0.0006223828531801701,0.000336665369104594,0.002291851444169879,0.0,0.0,0.001332803163677454,500,0.10302866250276566,3.58162548490526e-05,0.9375
heat,P-no-rank,23,4500,field,0.049562794571861524,0.0,0.0,0.000977375078946352,0.00041222709114663303,0.002919997088611126,0.0,0.0,0.0015303947729989886,1000,0.09908609092235565,3.949822136739556e-05,0.9375
heat,P-no-rank,23,4500,field,0.04877586350085039,0.0,0.0,0.0005851860041730106,0.0003528687229845673,0.0022844986524432898,0.0,0.0,0.0013464440125972033,1500,0.0975341722369194,1.7554764781380072e-05,0.984375
heat,P-no-rank,23,4500,field,0.044992450279096374,0.0,0.0,0.000657703320030123,0.0005222639301791787,0.0027882824651896954,0.0,0.0,0.0016083153896033764,2000,0.08991221338510513,7.268717308761552e-05,0.953125
heat,P-no-rank,23,4500,physics_ranking,0.04400854050936687,6.381014827638865e-08,0.0,0.0006283365073613822,0.000465457298560068,0.0023621441796422005,5.406702257459983e-06,0.00018621794879436493,0.0012683046516031027,2500,0.08800105005502701,1.6030963706725743e-05,0.953125
heat,P-no-rank,23,4500,physics_ranking,0.04534864930368254,1.7892573112021637e-07,0.0,0.0005351993604563177,0.0004963458632119,0.0024420113768428564,5.23879361935542e-06,0.0004074610769748688,0.0014104117872193456,3000,0.09061156958341599,8.572902394909931e-05,0.875
heat,P-no-rank,23,4500,physics_ranking,0.04228435774120953,1.7664635265646211e-07,0.0,0.000629591871984303,0.000459841889096424,0.002446585102006793,8.273750609077979e-06,0.0001777607249096036,0.001357066910713911,3500,0.08451312780380249,5.558767861657543e-05,0.9375
heat,P-no-rank,23,4500,physics_ranking,0.04185934332031138,8.029628872918693e-08,0.0,0.0004689122433774173,0.00037742816493846476,0.0021540855523198843,7.281834314198932e-06,5.028559826314449e-05,0.0013076715404167771,4000,0.08365046232938766,6.822431123509887e-05,0.9375
heat,P-no-rank,23,4500,physics_ranking,0.041249292161865014,9.753568264159185e-08,0.0,0.0006062384345568717,0.0005832909955643117,0.002660872181877494,8.25603274279274e-06,9.120791219174862e-05,0.0014712591655552387,4500,0.08244631439447403,5.226992925599916e-05,0.953125
heat,P-no-rank,23,4500,physics_ranking,0.041262387405822665,1.717862261330083e-07,0.0,0.0007130469311960042,0.0006672231829725206,0.0029651792719960213,1.1178204658790492e-05,7.989443838596344e-05,0.001584795885719359,5000,0.08248043805360794,4.433675803738879e-05,0.96875
heat,P-no-rank,37,5000,field,0.05161228202382517,0.0,0.0,0.0008798949420452118,0.0005439910455606878,0.0028575467877089977,0.0,0.0,0.0014336607418954372,500,0.10318136215209961,4.320189555073739e-05,0.953125
heat,P-no-rank,37,5000,field,0.049477096643918195,0.0,0.0,0.000977938063442707,0.00032632387592457235,0.002571074292063713,0.0,0.0,0.001266812440007925,1000,0.0989285334944725,2.5659793363885797e-05,0.9375
heat,P-no-rank,37,5000,field,0.04902985506131241,0.0,0.0,0.0007169826421886683,0.00035860156640410423,0.0024139201268553734,0.0,0.0,0.001338335801847279,1500,0.0978214219212532,0.000238288201371617,0.890625
heat,P-no-rank,37,5000,field,0.04477174869998635,0.0,0.0,0.0004963676328770816,0.0003095993888564408,0.002112830989062786,0.0,0.0,0.0013068639673292637,2000,0.08945917338132858,8.432401864411077e-05,0.921875
heat,P-no-rank,37,5000,physics_ranking,0.044528843407533714,6.618476788844418e-08,0.0,0.00042396673234179616,0.0002553008671384305,0.001930752769112587,4.293590336601483e-06,0.00014708004891872406,0.001251448760740459,2500,0.0889667496085167,9.093720655073412e-05,0.9375
heat,P-no-rank,37,5000,physics_ranking,0.04344590753316879,3.953244487320262e-08,0.0,0.0004883861402049661,0.00034194154432043433,0.002138712676241994,6.077674242987996e-06,7.799675222486258e-05,0.0013083235826343298,3000,0.08689181506633759,0.0,1.0
heat,P-no-rank,37,5000,physics_ranking,0.0426598710704047,9.127032285505265e-08,0.0,0.00046472769463434815,0.0003535826108418405,0.0021162349730730057,6.506132194772363e-06,0.0001592966727912426,0.0012978588929399848,3500,0.08531340211629868,6.3400245107203546e-06,0.96875
heat,P-no-rank,37,5000,physics_ranking,0.04216517869834657,6.239088179427199e-08,0.0,0.0005459085223264992,0.0003157566534355283,0.0021220585331320763,6.60105979477521e-06,3.8986559957265854e-05,0.0012603267095983028,4000,0.08433035016059875,7.236094390350445e-09,0.984375
heat,P-no-rank,37,5000,physics_ranking,0.042079400531824795,5.237832922944108e-08,0.0,0.00033990287920460105,0.0002298242470715195,0.0017435011686757207,5.6385329116892535e-06,4.5365653932094574e-05,0.0011737170862033963,4500,0.08415509015321732,3.7109104322752273e-06,0.96875
heat,P-no-rank,37,5000,physics_ranking,0.042005237452563016,3.692073136107865e-08,0.0,0.0006068749935366213,0.0004697158874478191,0.002468079561367631,8.212014108721633e-06,0.0001008867984637618,0.0013914061710238457,5000,0.08400676399469376,3.7109104322752273e-06,0.96875
heat,B4,11,5000,field,0.050855512880011666,0.0,0.0,0.0004715695686172694,0.0002987608313560486,0.002078129444271326,0.0,0.0,0.0013077990151941776,500,0.10132987052202225,0.0003811552380010852,0.875
heat,B4,11,5000,field,0.04941562351390072,0.0,0.0,0.0009821690618991852,0.00034308197791688144,0.0025857524015009403,0.0,0.0,0.0012605012161657214,1000,0.09878803789615631,4.320913164512774e-05,0.9375
heat,B4,11,5000,field,0.04799107381086287,0.0,0.0,0.0006748068844899535,0.0003764899156522006,0.00241981353610754,0.0,0.0,0.0013685165904462337,1500,0.09591261297464371,6.953464708203683e-05,0.9375
heat,B4,11,5000,field,0.044923062074381015,0.0,0.0,0.0008319903863593936,0.00036082026781514287,0.002574855461716652,0.0,0.0,0.0013820447493344545,2000,0.08968742936849594,0.00015869478026608874,0.96875
heat,B4,11,5000,physics_ranking,0.04437072567998257,4.1221948521297236e-08,0.0,0.0006015146500431001,0.0004169351595919579,0.0024081880692392588,7.399618425552035e-06,4.218867979943752e-05,0.0013854573480784893,2500,0.08869750052690506,4.3950833060080186e-05,0.96875
heat,B4,11,5000,physics_ranking,0.043540787479287246,1.235944040445247e-07,0.0,0.0005332273431122303,0.0003798658144660294,0.002243265276774764,6.526237029902404e-06,5.571544170379639e-05,0.0013245339505374432,3000,0.08702006936073303,6.150559784146026e-05,0.953125
heat,B4,11,5000,physics_ranking,0.04279173893269217,2.0607073736300663e-07,0.0,0.00037580408388748765,0.0003396571846678853,0.002015006495639682,4.616476871888153e-06,8.953013457357883e-05,0.0012905439361929893,3500,0.08553319424390793,5.028362147641019e-05,0.953125
heat,B4,11,5000,physics_ranking,0.041996507645308156,1.8711278926275554e-07,0.0,0.0004993989714421332,0.00035586379817686975,0.00222589704208076,7.574142273369944e-06,1.1346768587827682e-05,0.0013694220688194036,4000,0.08395238220691681,4.0633083699503914e-05,0.984375
heat,B4,11,5000,physics_ranking,0.04177657422201264,1.2451472741759062e-07,0.0,0.0005930978804826736,0.00032932579051703215,0.002224304247647524,7.042618108243914e-06,2.255546860396862e-05,0.001299553201533854,4500,0.08350247889757156,5.0669546453718795e-05,0.953125
heat,B4,11,5000,physics_ranking,0.04173095431701768,1.563596612186302e-07,0.0,0.00044342988985590637,0.0003974844003096223,0.0022910090629011393,4.9302525439998135e-06,1.004640944302082e-05,0.001449039438739419,5000,0.08341123908758163,5.0669546453718795e-05,0.953125
heat,B4,23,5000,field,0.04987934103519365,0.0,0.0,0.0005759932682849467,0.000336665369104594,0.0022454618010669947,0.0,0.0,0.001332803163677454,500,0.09950292110443115,0.00025576096595614217,0.9375
heat,B4,23,5000,field,0.049482842391475934,0.0,0.0,0.0009726340067572892,0.00041222709114663303,0.002915255958214402,0.0,0.0,0.0015303947729989886,1000,0.09892618656158447,3.949822136739556e-05,0.9375
heat,B4,23,5000,field,0.04845980610124112,0.0,0.0,0.0005768181872554123,0.0003528687229845673,0.0022761309519410133,0.0,0.0,0.0013464440125972033,1500,0.09662999957799911,0.0002896126244831265,0.875
heat,B4,23,5000,field,0.0450246744130709,0.0,0.0,0.0006504209595732391,0.0005222639301791787,0.0027810002211481333,0.0,0.0,0.0016083153896033764,2000,0.08998940140008926,5.994742605253123e-05,0.96875
heat,B4,23,5000,physics_ranking,0.044257990908668,6.49576250566497e-08,0.0,0.0006592238787561655,0.000465457298560068,0.0024019968695938587,5.470616088132374e-06,8.964934386312962e-05,0.0012683046516031027,2500,0.08851597458124161,7.236094390350445e-09,0.984375
heat,B4,23,5000,physics_ranking,0.043483997176358535,1.3440113377782836e-07,0.0,0.00052918482106179,0.0004963458632119,0.0024399596732109785,5.206210516917054e-06,3.96376708522439e-05,0.0014104117872193456,3000,0.08695195615291595,1.6038199801116093e-05,0.9375
heat,B4,23,5000,physics_ranking,0.042578652761753766,1.999274701347531e-07,0.0,0.0006250512087717652,0.000459841889096424,0.002444031648337841,8.32733257993823e-06,1.986580900847912e-05,0.001357066910713911,3500,0.08515359461307526,3.7109104322752273e-06,0.96875
heat,B4,23,5000,physics_ranking,0.04222333084779617,1.4803681835928728e-07,0.0,0.0005022092955186963,0.00037742816493846476,0.002189233899116516,7.440348326781532e-06,1.8490361981093884e-05,0.0013076715404167771,4000,0.08444295078516006,3.7109104322752273e-06,0.96875
heat,B4,23,5000,physics_ranking,0.04208775599007364,1.2017309813927568e-07,0.0,0.0006430167704820633,0.0005832909955643117,0.0026992829516530037,8.417338904109783e-06,1.6304664313793182e-05,0.0014712591655552387,4500,0.08417550474405289,7.236094390350445e-09,0.984375
heat,B4,23,5000,physics_ranking,0.04208535701036453,2.086873251982979e-07,0.0,0.0007493915036320686,0.0006672231829725206,0.003002513200044632,1.139107916969806e-05,9.867711924016476e-06,0.001584795885719359,5000,0.08417071402072906,0.0,1.0
heat,B4,37,5000,field,0.05103399463890579,0.0,0.0,0.0007983355317264795,0.0005439910455606878,0.0027759873773902655,0.0,0.0,0.0014336607418954372,500,0.10158951580524445,0.00047847347256713135,0.84375
heat,B4,37,5000,field,0.04948413048631206,0.0,0.0,0.0009844365995377302,0.00032632387592457235,0.00257757306098938,0.0,0.0,0.001266812440007925,1000,0.09895069897174835,1.7562000875770423e-05,0.96875
heat,B4,37,5000,field,0.048648741587462574,0.0,0.0,0.0007065070094540715,0.00035860156640410423,0.002403444377705455,0.0,0.0,0.001338335801847279,1500,0.09727992117404938,1.7562000875770423e-05,0.96875
heat,B4,37,5000,field,0.04476306988135548,0.0,0.0,0.0005028395680710673,0.0003095993888564408,0.002119302749633789,0.0,0.0,0.0013068639673292637,2000,0.08930753916501999,0.00021860059769096551,0.921875
heat,B4,37,5000,physics_ranking,0.044930228465168476,7.888113628951032e-08,0.0,0.00041623503784649074,0.0002553008671384305,0.0019335246179252863,4.297012310416903e-06,0.00010503502562642097,0.001251448760740459,2500,0.08957085758447647,0.00028959934586048064,0.859375
heat,B4,37,5000,physics_ranking,0.042790517103717285,7.536189627899148e-08,0.0,0.0004687551409006119,0.00034194154432043433,0.0021239565685391426,5.982488801237196e-06,4.875625018030405e-05,0.0013083235826343298,3000,0.08558102697134018,7.236094390350445e-09,0.984375
heat,B4,37,5000,physics_ranking,0.04219072264049828,3.3277164135370185e-08,0.0,0.0004465429810807109,0.0003535826108418405,0.002099826466292143,6.530214704980608e-06,1.7764628864824772e-05,0.0012978588929399848,3500,0.08436980843544006,1.1636845556495246e-05,0.96875
heat,B4,37,5000,physics_ranking,0.041953829802196196,3.444677076913649e-08,0.0,0.0005283980863168836,0.0003157566534355283,0.002106004860252142,6.5686522248142865e-06,1.45728699862957e-05,0.0012603267095983028,4000,0.0838804543018341,2.720530255828635e-05,0.953125
heat,B4,37,5000,physics_ranking,0.041594546553596956,6.064262692007105e-08,0.0,0.00033292066655121744,0.0002298242470715195,0.0017370509449392557,5.587977284449153e-06,5.3246039897203445e-06,0.0011737170862033963,4500,0.0831790566444397,1.0036462754214881e-05,0.96875
heat,B4,37,5000,physics_ranking,0.04153428588983843,4.7691479210243415e-08,0.0,0.000565419381018728,0.0004697158874478191,0.0024273672606796026,7.839797945052851e-06,7.468624971807003e-06,0.0013914061710238457,5000,0.08306223899126053,6.332788416330004e-06,0.984375
heat,B5,11,5000,field,0.05249145900605523,0.0,0.0,0.0005013549816794693,0.0002987608313560486,0.0021079147700220346,0.0,0.0,0.0013077990151941776,500,0.10474192351102829,0.00024099450108217013,0.890625
heat,B5,11,5000,field,0.049509046446551075,0.0,0.0,0.0009727653814479709,0.00034308197791688144,0.002576348604634404,0.0,0.0,0.0012605012161657214,1000,0.09898121654987335,3.687634322879774e-05,0.953125
heat,B5,11,5000,field,0.04863815020007678,0.0,0.0,0.0007030252018012106,0.0003764899156522006,0.0024480316787958145,0.0,0.0,0.0013685165904462337,1500,0.09725064784288406,2.5652557269495446e-05,0.953125
heat,B5,11,5000,field,0.04414141539935823,0.0,0.0,0.0007680639973841608,0.00036082026781514287,0.002510929014533758,0.0,0.0,0.0013820447493344545,2000,0.08828282356262207,7.236094390350445e-09,0.984375
heat,B5,11,5000,physics_ranking,0.04243389517068863,4.7724387997050144e-08,0.0,0.0005392950843088329,0.0004169351595919579,0.0023462630342692137,7.163709142332664e-06,4.5753433369100094e-05,0.0013854573480784893,2500,0.08486779034137726,0.0,1.0
heat,B5,11,5000,physics_ranking,0.04200070390228117,6.600037494308708e-08,0.0,0.0004872570571023971,0.0003798658144660294,0.0021951578091830015,6.345672318275319e-06,3.5010045394301414e-05,0.0013245339505374432,3000,0.08397751301527023,2.3894789292100427e-05,0.953125
heat,B5,11,5000,physics_ranking,0.04134085563532608,2.556969214140281e-08,0.0,0.0003206771216355264,0.0003396571846678853,0.0019525327952578664,4.158911906415597e-06,1.6546226106584072e-05,0.0012905439361929893,3500,0.08265450596809387,2.720530255828635e-05,0.953125
heat,B5,11,5000,physics_ranking,0.04024886955562579,4.5219149313879825e-08,0.0,0.0004893623990938067,0.00035586379817686975,0.0022172005847096443,7.076790097926278e-06,2.5521963834762573e-05,0.0013694220688194036,4000,0.08045077323913574,4.696587211583392e-05,0.96875
heat,B5,11,5000,physics_ranking,0.039573079543743006,2.29880168234331e-08,0.0,0.0004525661061052233,0.00032932579051703215,0.002082692226395011,6.448938165704021e-06,1.2469710782170296e-05,0.001299553201533854,4500,0.07909919321537018,4.696587211583392e-05,0.96875
heat,B5,11,5000,physics_ranking,0.039461570429239146,3.5555697053268887e-08,0.0,0.00037317402893677354,0.0003974844003096223,0.0022205831483006477,4.641933173843427e-06,8.853152394294739e-06,0.001449039438739419,5000,0.07887617498636246,4.696587211583392e-05,0.96875
heat,B5,23,5000,field,0.051532239378807354,0.0,0.0,0.0006223828531801701,0.000336665369104594,0.002291851444169879,0.0,0.0,0.001332803163677454,500,0.10302866250276566,3.58162548490526e-05,0.9375
heat,B5,23,5000,field,0.049562794571861524,0.0,0.0,0.000977375078946352,0.00041222709114663303,0.002919997088611126,0.0,0.0,0.0015303947729989886,1000,0.09908609092235565,3.949822136739556e-05,0.9375
heat,B5,23,5000,field,0.04877586350085039,0.0,0.0,0.0005851860041730106,0.0003528687229845673,0.0022844986524432898,0.0,0.0,0.0013464440125972033,1500,0.0975341722369194,1.7554764781380072e-05,0.984375
heat,B5,23,5000,field,0.044992450279096374,0.0,0.0,0.000657703320030123,0.0005222639301791787,0.0027882824651896954,0.0,0.0,0.0016083153896033764,2000,0.08991221338510513,7.268717308761552e-05,0.953125
heat,B5,23,5000,physics_ranking,0.04403236114058018,9.066126693824117e-08,0.0,0.0006437980919145048,0.000465457298560068,0.002385631436482072,5.44191743756528e-06,8.071260526776314e-05,0.0012683046516031027,2500,0.0880533754825592,1.1346798601152841e-05,0.96875
heat,B5,23,5000,physics_ranking,0.04314020503587468,1.6278232806143933e-07,0.0,0.0005384977557696402,0.0004963458632119,0.00245367968454957,5.235102435108274e-06,8.42418521642685e-05,0.0014104117872193456,3000,0.08626437187194824,1.6038199801116093e-05,0.9375
heat,B5,23,5000,physics_ranking,0.042389513747366436,1.6491247833982925e-07,0.0,0.0006222603260539472,0.000459841889096424,0.0024409631732851267,8.219822120736353e-06,1.7939368262887e-05,0.001357066910713911,3500,0.08473046123981476,4.856625491811428e-05,0.96875
heat,B5,23,5000,physics_ranking,0.0419959304859594,8.809273310816934e-08,0.0,0.00048351564328186214,0.00037742816493846476,0.0021710775326937437,7.3248479566245805e-06,2.462277188897133e-05,0.0013076715404167771,4000,0.08394751697778702,4.434399413177914e-05,0.953125
heat,B5,23,5000,physics_ranking,0.04179879158800759,9.963942204649356e-08,0.0,0.0006231841980479658,0.0005832909955643117,0.0026788879185914993,8.314968908962328e-06,1.1534779332578182e-05,0.0014712591655552387,4500,0.08355695009231567,4.0633083699503914e-05,0.984375
heat,B5,23,5000,physics_ranking,0.0417861665791861,1.521023875739047e-07,0.0,0.0007312095840461552,0.0006672231829725206,0.0029843479860574007,1.122235698858276e-05,1.1195195838809013e-05,0.001584795885719359,5000,0.0835317000746727,4.0633083699503914e-05,0.984375
heat,B5,37,5000,field,0.05161228202382517,0.0,0.0,0.0008798949420452118,0.0005439910455606878,0.0028575467877089977,0.0,0.0,0.0014336607418954372,500,0.10318136215209961,4.320189555073739e-05,0.953125
heat,B5,37,5000,field,0.049477096643918195,0.0,0.0,0.000977938063442707,0.00032632387592457235,0.002571074292063713,0.0,0.0,0.001266812440007925,1000,0.0989285334944725,2.5659793363885797e-05,0.9375
heat,B5,37,5000,field,0.04902985506131241,0.0,0.0,0.0007169826421886683,0.00035860156640410423,0.0024139201268553734,0.0,0.0,0.001338335801847279,1500,0.0978214219212532,0.000238288201371617,0.890625
heat,B5,37,5000,field,0.04477174869998635,0.0,0.0,0.0004963676328770816,0.0003095993888564408,0.002112830989062786,0.0,0.0,0.0013068639673292637,2000,0.08945917338132858,8.432401864411077e-05,0.921875
heat,B5,37,5000,physics_ranking,0.044360009211231954,4.885644244723153e-08,0.0,0.00041991088073700666,0.0002553008671384305,0.0019287345930933952,4.247823198966216e-06,2.0740553736686707e-05,0.001251448760740459,2500,0.08871670067310333,3.317749360576272e-06,0.984375
heat,B5,37,5000,physics_ranking,0.04391872080494519,2.8190422440843577e-08,0.0,0.0004943747771903872,0.00034194154432043433,0.0021460293792188168,6.077808848203858e-06,1.3896380551159382e-05,0.0013083235826343298,3000,0.08782847970724106,8.961902649318176e-06,0.953125
heat,B5,37,5000,physics_ranking,0.04277884587645531,5.13676212676728e-08,0.0,0.00047575391363352537,0.0003535826108418405,0.002128666266798973,6.550450052600354e-06,1.4710123650729656e-05,0.0012978588929399848,3500,0.08555769175291061,0.0,1.0
heat,B5,37,5000,physics_ranking,0.0424317120480282,5.558256077620172e-08,0.0,0.000563280947972089,0.0003157566534355283,0.002140490338206291,6.647338523180224e-06,1.126062124967575e-05,0.0012603267095983028,4000,0.08485709130764008,6.332788416330004e-06,0.984375
heat,B5,37,5000,physics_ranking,0.04226808249950409,4.961058408525787e-08,0.0,0.00033800318487919867,0.0002298242470715195,0.0017423334065824747,5.615989266516408e-06,7.889117114245892e-06,0.0011737170862033963,4500,0.08453616499900818,0.0,1.0
heat,B5,37,5000,physics_ranking,0.04219838231801987,3.3044635472379014e-08,0.0,0.0006236387998796999,0.0004697158874478191,0.0024856769014149904,8.278582754428498e-06,9.158742614090443e-06,0.0013914061710238457,5000,0.08439676463603973,0.0,1.0
