pde,method,K,cache,requests,stage,mean_ms,share_of_summed_instrumented_stages,instrumented_stage_sum_ms,profile_file
burgers,B4,10,False,500,request_preparation,0.6114232,0.1570517758532373,3.8931314,runs\revision_v2\results\E2_profiles\session1_burgers_B4_s11_K10_cache0.json
burgers,B4,10,False,500,transfer_grid,0.40629499999999996,0.10436200535127069,3.8931314,runs\revision_v2\results\E2_profiles\session1_burgers_B4_s11_K10_cache0.json
burgers,B4,10,False,500,encoder,0.9426321999999999,0.2421269931962738,3.8931314,runs\revision_v2\results\E2_profiles\session1_burgers_B4_s11_K10_cache0.json
burgers,B4,10,False,500,branch,0.1007618,0.02588194171920321,3.8931314,runs\revision_v2\results\E2_profiles\session1_burgers_B4_s11_K10_cache0.json
burgers,B4,10,False,500,trunk,0.1156976,0.02971839070214789,3.8931314,runs\revision_v2\results\E2_profiles\session1_burgers_B4_s11_K10_cache0.json
burgers,B4,10,False,500,field_assembly,1.2300296,0.31594864740501694,3.8931314,runs\revision_v2\results\E2_profiles\session1_burgers_B4_s11_K10_cache0.json
burgers,B4,10,False,500,scoring,0.34501840000000006,0.08862233625096755,3.8931314,runs\revision_v2\results\E2_profiles\session1_burgers_B4_s11_K10_cache0.json
burgers,B4,10,False,500,return,0.11154660000000001,0.028652153893392863,3.8931314,runs\revision_v2\results\E2_profiles\session1_burgers_B4_s11_K10_cache0.json
burgers,B4,10,False,500,projection,0.0205508,0.005278732693173418,3.8931314,runs\revision_v2\results\E2_profiles\session1_burgers_B4_s11_K10_cache0.json
burgers,B4,10,False,500,verification,0.009176199999999999,0.002357022935316285,3.8931314,runs\revision_v2\results\E2_profiles\session1_burgers_B4_s11_K10_cache0.json
burgers,B4,10,True,500,request_preparation,0.6255495999999999,0.1552159233401823,4.0301896,runs\revision_v2\results\E2_profiles\session1_burgers_B4_s11_K10_cache1.json
burgers,B4,10,True,500,transfer_grid,0.8113114,0.201308494270344,4.0301896,runs\revision_v2\results\E2_profiles\session1_burgers_B4_s11_K10_cache1.json
burgers,B4,10,True,500,encoder,1.1640148000000001,0.2888238310177765,4.0301896,runs\revision_v2\results\E2_profiles\session1_burgers_B4_s11_K10_cache1.json
burgers,B4,10,True,500,branch,0.1467798,0.036420073139983286,4.0301896,runs\revision_v2\results\E2_profiles\session1_burgers_B4_s11_K10_cache1.json
burgers,B4,10,True,500,trunk,0.0,0.0,4.0301896,runs\revision_v2\results\E2_profiles\session1_burgers_B4_s11_K10_cache1.json
burgers,B4,10,True,500,field_assembly,0.6818126,0.16917630872751,4.0301896,runs\revision_v2\results\E2_profiles\session1_burgers_B4_s11_K10_cache1.json
burgers,B4,10,True,500,scoring,0.4442442,0.11022910683904301,4.0301896,runs\revision_v2\results\E2_profiles\session1_burgers_B4_s11_K10_cache1.json
burgers,B4,10,True,500,return,0.123997,0.030767038850976144,4.0301896,runs\revision_v2\results\E2_profiles\session1_burgers_B4_s11_K10_cache1.json
burgers,B4,10,True,500,projection,0.0222996,0.005533139185312771,4.0301896,runs\revision_v2\results\E2_profiles\session1_burgers_B4_s11_K10_cache1.json
burgers,B4,10,True,500,verification,0.010180600000000001,0.0025260846288720513,4.0301896,runs\revision_v2\results\E2_profiles\session1_burgers_B4_s11_K10_cache1.json
burgers,B4,200,False,500,request_preparation,1.2669865999999999,0.30540640621660714,4.148526599999999,runs\revision_v2\results\E2_profiles\session1_burgers_B4_s11_K200_cache0.json
burgers,B4,200,False,500,transfer_grid,0.347005,0.08364535977664939,4.148526599999999,runs\revision_v2\results\E2_profiles\session1_burgers_B4_s11_K200_cache0.json
burgers,B4,200,False,500,encoder,0.8300036,0.20007190022597424,4.148526599999999,runs\revision_v2\results\E2_profiles\session1_burgers_B4_s11_K200_cache0.json
burgers,B4,200,False,500,branch,0.11409780000000001,0.027503210416922486,4.148526599999999,runs\revision_v2\results\E2_profiles\session1_burgers_B4_s11_K200_cache0.json
burgers,B4,200,False,500,trunk,0.0995954,0.024007415066351512,4.148526599999999,runs\revision_v2\results\E2_profiles\session1_burgers_B4_s11_K200_cache0.json
burgers,B4,200,False,500,field_assembly,1.0570808,0.25480873136983145,4.148526599999999,runs\revision_v2\results\E2_profiles\session1_burgers_B4_s11_K200_cache0.json
burgers,B4,200,False,500,scoring,0.3054418,0.07362657382985083,4.148526599999999,runs\revision_v2\results\E2_profiles\session1_burgers_B4_s11_K200_cache0.json
burgers,B4,200,False,500,return,0.0989498,0.023851793550028103,4.148526599999999,runs\revision_v2\results\E2_profiles\session1_burgers_B4_s11_K200_cache0.json
burgers,B4,200,False,500,projection,0.020297200000000005,0.004892628626269387,4.148526599999999,runs\revision_v2\results\E2_profiles\session1_burgers_B4_s11_K200_cache0.json
burgers,B4,200,False,500,verification,0.0090686,0.0021859809215156053,4.148526599999999,runs\revision_v2\results\E2_profiles\session1_burgers_B4_s11_K200_cache0.json
burgers,B4,200,True,500,request_preparation,1.2951652,0.2660868206771122,4.8674534,runs\revision_v2\results\E2_profiles\session1_burgers_B4_s11_K200_cache1.json
burgers,B4,200,True,500,transfer_grid,1.0263647999999999,0.2108627891537698,4.8674534,runs\revision_v2\results\E2_profiles\session1_burgers_B4_s11_K200_cache1.json
burgers,B4,200,True,500,encoder,1.1956734,0.2456466044441227,4.8674534,runs\revision_v2\results\E2_profiles\session1_burgers_B4_s11_K200_cache1.json
burgers,B4,200,True,500,branch,0.1580836,0.0324776812449812,4.8674534,runs\revision_v2\results\E2_profiles\session1_burgers_B4_s11_K200_cache1.json
burgers,B4,200,True,500,trunk,0.0,0.0,4.8674534,runs\revision_v2\results\E2_profiles\session1_burgers_B4_s11_K200_cache1.json
burgers,B4,200,True,500,field_assembly,0.5895277999999999,0.12111626995751001,4.8674534,runs\revision_v2\results\E2_profiles\session1_burgers_B4_s11_K200_cache1.json
burgers,B4,200,True,500,scoring,0.44657160000000007,0.09174645616535335,4.8674534,runs\revision_v2\results\E2_profiles\session1_burgers_B4_s11_K200_cache1.json
burgers,B4,200,True,500,return,0.123993,0.02547389565147147,4.8674534,runs\revision_v2\results\E2_profiles\session1_burgers_B4_s11_K200_cache1.json
burgers,B4,200,True,500,projection,0.022489200000000004,0.0046203215833560945,4.8674534,runs\revision_v2\results\E2_profiles\session1_burgers_B4_s11_K200_cache1.json
burgers,B4,200,True,500,verification,0.009584800000000001,0.001969161122323226,4.8674534,runs\revision_v2\results\E2_profiles\session1_burgers_B4_s11_K200_cache1.json
burgers,P,10,False,500,request_preparation,0.6310596,0.13033905400959211,4.841677000000001,runs\revision_v2\results\E2_profiles\session1_burgers_P_s11_K10_cache0.json
burgers,P,10,False,500,transfer_grid,0.6895635999999999,0.14242247056133647,4.841677000000001,runs\revision_v2\results\E2_profiles\session1_burgers_P_s11_K10_cache0.json
burgers,P,10,False,500,encoder,1.1113285999999998,0.22953381648548626,4.841677000000001,runs\revision_v2\results\E2_profiles\session1_burgers_P_s11_K10_cache0.json
burgers,P,10,False,500,branch,0.1198574,0.024755348198568387,4.841677000000001,runs\revision_v2\results\E2_profiles\session1_burgers_P_s11_K10_cache0.json
burgers,P,10,False,500,trunk,0.1411012,0.029143042792817445,4.841677000000001,runs\revision_v2\results\E2_profiles\session1_burgers_P_s11_K10_cache0.json
burgers,P,10,False,500,field_assembly,1.4945538,0.30868515185957257,4.841677000000001,runs\revision_v2\results\E2_profiles\session1_burgers_P_s11_K10_cache0.json
burgers,P,10,False,500,scoring,0.5009232,0.10346068108219526,4.841677000000001,runs\revision_v2\results\E2_profiles\session1_burgers_P_s11_K10_cache0.json
burgers,P,10,False,500,return,0.12028799999999998,0.02484428432545169,4.841677000000001,runs\revision_v2\results\E2_profiles\session1_burgers_P_s11_K10_cache0.json
burgers,P,10,False,500,projection,0.0228276,0.004714812656854226,4.841677000000001,runs\revision_v2\results\E2_profiles\session1_burgers_P_s11_K10_cache0.json
burgers,P,10,False,500,verification,0.010173999999999999,0.0021013380281253782,4.841677000000001,runs\revision_v2\results\E2_profiles\session1_burgers_P_s11_K10_cache0.json
burgers,P,10,True,500,request_preparation,0.6214288,0.17239030129509772,3.6047781999999997,runs\revision_v2\results\E2_profiles\session1_burgers_P_s11_K10_cache1.json
burgers,P,10,True,500,transfer_grid,0.7526769999999999,0.20879980909782467,3.6047781999999997,runs\revision_v2\results\E2_profiles\session1_burgers_P_s11_K10_cache1.json
burgers,P,10,True,500,encoder,1.048044,0.2907374439847645,3.6047781999999997,runs\revision_v2\results\E2_profiles\session1_burgers_P_s11_K10_cache1.json
burgers,P,10,True,500,branch,0.13138,0.036446070385134935,3.6047781999999997,runs\revision_v2\results\E2_profiles\session1_burgers_P_s11_K10_cache1.json
burgers,P,10,True,500,trunk,0.0,0.0,3.6047781999999997,runs\revision_v2\results\E2_profiles\session1_burgers_P_s11_K10_cache1.json
burgers,P,10,True,500,field_assembly,0.48831220000000003,0.13546248143644457,3.6047781999999997,runs\revision_v2\results\E2_profiles\session1_burgers_P_s11_K10_cache1.json
burgers,P,10,True,500,scoring,0.41689459999999995,0.11565055514372562,3.6047781999999997,runs\revision_v2\results\E2_profiles\session1_burgers_P_s11_K10_cache1.json
burgers,P,10,True,500,return,0.11463580000000001,0.03180106892568314,3.6047781999999997,runs\revision_v2\results\E2_profiles\session1_burgers_P_s11_K10_cache1.json
burgers,P,10,True,500,projection,0.021922600000000004,0.006081539219250717,3.6047781999999997,runs\revision_v2\results\E2_profiles\session1_burgers_P_s11_K10_cache1.json
burgers,P,10,True,500,verification,0.0094832,0.0026307305120742246,3.6047781999999997,runs\revision_v2\results\E2_profiles\session1_burgers_P_s11_K10_cache1.json
burgers,P,200,False,500,request_preparation,1.270698,0.33323142577382214,3.813259800000001,runs\revision_v2\results\E2_profiles\session1_burgers_P_s11_K200_cache0.json
burgers,P,200,False,500,transfer_grid,0.3033464,0.0795504151067808,3.813259800000001,runs\revision_v2\results\E2_profiles\session1_burgers_P_s11_K200_cache0.json
burgers,P,200,False,500,encoder,0.7413844,0.19442273510973468,3.813259800000001,runs\revision_v2\results\E2_profiles\session1_burgers_P_s11_K200_cache0.json
burgers,P,200,False,500,branch,0.0763106,0.020011906872959454,3.813259800000001,runs\revision_v2\results\E2_profiles\session1_burgers_P_s11_K200_cache0.json
burgers,P,200,False,500,trunk,0.0954942,0.025042668217885384,3.813259800000001,runs\revision_v2\results\E2_profiles\session1_burgers_P_s11_K200_cache0.json
burgers,P,200,False,500,field_assembly,0.9291312,0.2436579852230367,3.813259800000001,runs\revision_v2\results\E2_profiles\session1_burgers_P_s11_K200_cache0.json
burgers,P,200,False,500,scoring,0.27438260000000003,0.07195486654226915,3.813259800000001,runs\revision_v2\results\E2_profiles\session1_burgers_P_s11_K200_cache0.json
burgers,P,200,False,500,return,0.0934194,0.024498566816769207,3.813259800000001,runs\revision_v2\results\E2_profiles\session1_burgers_P_s11_K200_cache0.json
burgers,P,200,False,500,projection,0.0201344,0.00528010181734798,3.813259800000001,runs\revision_v2\results\E2_profiles\session1_burgers_P_s11_K200_cache0.json
burgers,P,200,False,500,verification,0.008958599999999999,0.0023493285193943504,3.813259800000001,runs\revision_v2\results\E2_profiles\session1_burgers_P_s11_K200_cache0.json
burgers,P,200,True,500,request_preparation,1.2557878,0.38330145838495505,3.2762405999999995,runs\revision_v2\results\E2_profiles\session1_burgers_P_s11_K200_cache1.json
burgers,P,200,True,500,transfer_grid,0.3332486,0.10171676646702933,3.2762405999999995,runs\revision_v2\results\E2_profiles\session1_burgers_P_s11_K200_cache1.json
burgers,P,200,True,500,encoder,0.7947215999999999,0.24257119577847855,3.2762405999999995,runs\revision_v2\results\E2_profiles\session1_burgers_P_s11_K200_cache1.json
burgers,P,200,True,500,branch,0.09124260000000001,0.027849786123766374,3.2762405999999995,runs\revision_v2\results\E2_profiles\session1_burgers_P_s11_K200_cache1.json
burgers,P,200,True,500,trunk,0.0,0.0,3.2762405999999995,runs\revision_v2\results\E2_profiles\session1_burgers_P_s11_K200_cache1.json
burgers,P,200,True,500,field_assembly,0.37909980000000004,0.11571183142043967,3.2762405999999995,runs\revision_v2\results\E2_profiles\session1_burgers_P_s11_K200_cache1.json
burgers,P,200,True,500,scoring,0.295864,0.09030594395295634,3.2762405999999995,runs\revision_v2\results\E2_profiles\session1_burgers_P_s11_K200_cache1.json
burgers,P,200,True,500,return,0.0972142,0.0296724849817196,3.2762405999999995,runs\revision_v2\results\E2_profiles\session1_burgers_P_s11_K200_cache1.json
burgers,P,200,True,500,projection,0.020028600000000004,0.006113287284212279,3.2762405999999995,runs\revision_v2\results\E2_profiles\session1_burgers_P_s11_K200_cache1.json
burgers,P,200,True,500,verification,0.0090334,0.002757245606442946,3.2762405999999995,runs\revision_v2\results\E2_profiles\session1_burgers_P_s11_K200_cache1.json
heat,B4,10,False,500,request_preparation,0.6964874,0.09424722399353376,7.390004399999999,runs\revision_v2\results\E2_profiles\session1_heat_B4_s11_K10_cache0.json
heat,B4,10,False,500,transfer_grid,0.7833534,0.10600175014780777,7.390004399999999,runs\revision_v2\results\E2_profiles\session1_heat_B4_s11_K10_cache0.json
heat,B4,10,False,500,encoder,1.2165724,0.16462404271369585,7.390004399999999,runs\revision_v2\results\E2_profiles\session1_heat_B4_s11_K10_cache0.json
heat,B4,10,False,500,branch,0.18063920000000003,0.024443720222954136,7.390004399999999,runs\revision_v2\results\E2_profiles\session1_heat_B4_s11_K10_cache0.json
heat,B4,10,False,500,trunk,0.1386968,0.018768162032488104,7.390004399999999,runs\revision_v2\results\E2_profiles\session1_heat_B4_s11_K10_cache0.json
heat,B4,10,False,500,field_assembly,3.6640804000000005,0.49581572644259875,7.390004399999999,runs\revision_v2\results\E2_profiles\session1_heat_B4_s11_K10_cache0.json
heat,B4,10,False,500,scoring,0.5562959999999999,0.07527681580270777,7.390004399999999,runs\revision_v2\results\E2_profiles\session1_heat_B4_s11_K10_cache0.json
heat,B4,10,False,500,return,0.12196459999999999,0.01650399558625432,7.390004399999999,runs\revision_v2\results\E2_profiles\session1_heat_B4_s11_K10_cache0.json
heat,B4,10,False,500,projection,0.021312800000000003,0.002884003695586434,7.390004399999999,runs\revision_v2\results\E2_profiles\session1_heat_B4_s11_K10_cache0.json
heat,B4,10,False,500,verification,0.0106014,0.0014345593623733164,7.390004399999999,runs\revision_v2\results\E2_profiles\session1_heat_B4_s11_K10_cache0.json
heat,B4,10,True,500,request_preparation,0.6501490000000001,0.23871861422777613,2.7234952000000003,runs\revision_v2\results\E2_profiles\session1_heat_B4_s11_K10_cache1.json
heat,B4,10,True,500,transfer_grid,0.3159582,0.11601202748585714,2.7234952000000003,runs\revision_v2\results\E2_profiles\session1_heat_B4_s11_K10_cache1.json
heat,B4,10,True,500,encoder,0.7641306,0.2805698354085588,2.7234952000000003,runs\revision_v2\results\E2_profiles\session1_heat_B4_s11_K10_cache1.json
heat,B4,10,True,500,branch,0.08991080000000001,0.03301301944648186,2.7234952000000003,runs\revision_v2\results\E2_profiles\session1_heat_B4_s11_K10_cache1.json
heat,B4,10,True,500,trunk,0.0,0.0,2.7234952000000003,runs\revision_v2\results\E2_profiles\session1_heat_B4_s11_K10_cache1.json
heat,B4,10,True,500,field_assembly,0.43430719999999995,0.15946684980388431,2.7234952000000003,runs\revision_v2\results\E2_profiles\session1_heat_B4_s11_K10_cache1.json
heat,B4,10,True,500,scoring,0.3463154,0.12715843964035625,2.7234952000000003,runs\revision_v2\results\E2_profiles\session1_heat_B4_s11_K10_cache1.json
heat,B4,10,True,500,return,0.0961394,0.035300007137886634,2.7234952000000003,runs\revision_v2\results\E2_profiles\session1_heat_B4_s11_K10_cache1.json
heat,B4,10,True,500,projection,0.017781599999999998,0.006528963223434356,2.7234952000000003,runs\revision_v2\results\E2_profiles\session1_heat_B4_s11_K10_cache1.json
heat,B4,10,True,500,verification,0.008803,0.0032322436257644217,2.7234952000000003,runs\revision_v2\results\E2_profiles\session1_heat_B4_s11_K10_cache1.json
heat,B4,200,False,500,request_preparation,1.3096733999999999,0.22181155210980316,5.9044418,runs\revision_v2\results\E2_profiles\session1_heat_B4_s11_K200_cache0.json
heat,B4,200,False,500,transfer_grid,0.3647408,0.06177396820136325,5.9044418,runs\revision_v2\results\E2_profiles\session1_heat_B4_s11_K200_cache0.json
heat,B4,200,False,500,encoder,0.8306802,0.1406873381324548,5.9044418,runs\revision_v2\results\E2_profiles\session1_heat_B4_s11_K200_cache0.json
heat,B4,200,False,500,branch,0.11383179999999998,0.019279011269109296,5.9044418,runs\revision_v2\results\E2_profiles\session1_heat_B4_s11_K200_cache0.json
heat,B4,200,False,500,trunk,0.1023052,0.017326819954428207,5.9044418,runs\revision_v2\results\E2_profiles\session1_heat_B4_s11_K200_cache0.json
heat,B4,200,False,500,field_assembly,2.6917524000000004,0.4558860077171055,5.9044418,runs\revision_v2\results\E2_profiles\session1_heat_B4_s11_K200_cache0.json
heat,B4,200,False,500,scoring,0.3659858,0.06198482640645217,5.9044418,runs\revision_v2\results\E2_profiles\session1_heat_B4_s11_K200_cache0.json
heat,B4,200,False,500,return,0.0983584,0.016658374039693304,5.9044418,runs\revision_v2\results\E2_profiles\session1_heat_B4_s11_K200_cache0.json
heat,B4,200,False,500,projection,0.018171600000000003,0.003077615228589433,5.9044418,runs\revision_v2\results\E2_profiles\session1_heat_B4_s11_K200_cache0.json
heat,B4,200,False,500,verification,0.008942199999999999,0.0015144869410009256,5.9044418,runs\revision_v2\results\E2_profiles\session1_heat_B4_s11_K200_cache0.json
heat,B4,200,True,500,request_preparation,1.3365888,0.2913705250455403,4.587247800000001,runs\revision_v2\results\E2_profiles\session1_heat_B4_s11_K200_cache1.json
heat,B4,200,True,500,transfer_grid,0.8841924,0.1927500842662129,4.587247800000001,runs\revision_v2\results\E2_profiles\session1_heat_B4_s11_K200_cache1.json
heat,B4,200,True,500,encoder,0.9621584000000001,0.2097463319945349,4.587247800000001,runs\revision_v2\results\E2_profiles\session1_heat_B4_s11_K200_cache1.json
heat,B4,200,True,500,branch,0.15166879999999996,0.03306313646278274,4.587247800000001,runs\revision_v2\results\E2_profiles\session1_heat_B4_s11_K200_cache1.json
heat,B4,200,True,500,trunk,0.0,0.0,4.587247800000001,runs\revision_v2\results\E2_profiles\session1_heat_B4_s11_K200_cache1.json
heat,B4,200,True,500,field_assembly,0.592,0.12905341629898429,4.587247800000001,runs\revision_v2\results\E2_profiles\session1_heat_B4_s11_K200_cache1.json
heat,B4,200,True,500,scoring,0.5118188,0.11157426463859221,4.587247800000001,runs\revision_v2\results\E2_profiles\session1_heat_B4_s11_K200_cache1.json
heat,B4,200,True,500,return,0.1199858,0.026156380738795053,4.587247800000001,runs\revision_v2\results\E2_profiles\session1_heat_B4_s11_K200_cache1.json
heat,B4,200,True,500,projection,0.0192164,0.004189091332715882,4.587247800000001,runs\revision_v2\results\E2_profiles\session1_heat_B4_s11_K200_cache1.json
heat,B4,200,True,500,verification,0.009618400000000001,0.0020967692218414706,4.587247800000001,runs\revision_v2\results\E2_profiles\session1_heat_B4_s11_K200_cache1.json
heat,P,10,False,500,request_preparation,0.6642923999999999,0.11633447944742187,5.7101936,runs\revision_v2\results\E2_profiles\session1_heat_P_s11_K10_cache0.json
heat,P,10,False,500,transfer_grid,0.41275779999999995,0.07228437928969693,5.7101936,runs\revision_v2\results\E2_profiles\session1_heat_P_s11_K10_cache0.json
heat,P,10,False,500,encoder,0.9281112,0.16253585517660907,5.7101936,runs\revision_v2\results\E2_profiles\session1_heat_P_s11_K10_cache0.json
heat,P,10,False,500,branch,0.08917679999999999,0.015617123734648854,5.7101936,runs\revision_v2\results\E2_profiles\session1_heat_P_s11_K10_cache0.json
heat,P,10,False,500,trunk,0.1127158,0.019739400779686347,5.7101936,runs\revision_v2\results\E2_profiles\session1_heat_P_s11_K10_cache0.json
heat,P,10,False,500,field_assembly,2.9552263999999995,0.5175352373341596,5.7101936,runs\revision_v2\results\E2_profiles\session1_heat_P_s11_K10_cache0.json
heat,P,10,False,500,scoring,0.4110014,0.07197678901815167,5.7101936,runs\revision_v2\results\E2_profiles\session1_heat_P_s11_K10_cache0.json
heat,P,10,False,500,return,0.1091304,0.019111506131771084,5.7101936,runs\revision_v2\results\E2_profiles\session1_heat_P_s11_K10_cache0.json
heat,P,10,False,500,projection,0.0187178,0.0032779624144442317,5.7101936,runs\revision_v2\results\E2_profiles\session1_heat_P_s11_K10_cache0.json
heat,P,10,False,500,verification,0.009063600000000002,0.0015872666734101626,5.7101936,runs\revision_v2\results\E2_profiles\session1_heat_P_s11_K10_cache0.json
heat,P,10,True,500,request_preparation,0.660226,0.2050577384693108,3.2197077999999997,runs\revision_v2\results\E2_profiles\session1_heat_P_s11_K10_cache1.json
heat,P,10,True,500,transfer_grid,0.43045020000000006,0.13369231829049832,3.2197077999999997,runs\revision_v2\results\E2_profiles\session1_heat_P_s11_K10_cache1.json
heat,P,10,True,500,encoder,0.9656096,0.29990597283393233,3.2197077999999997,runs\revision_v2\results\E2_profiles\session1_heat_P_s11_K10_cache1.json
heat,P,10,True,500,branch,0.1066586,0.033126794922197604,3.2197077999999997,runs\revision_v2\results\E2_profiles\session1_heat_P_s11_K10_cache1.json
heat,P,10,True,500,trunk,0.0,0.0,3.2197077999999997,runs\revision_v2\results\E2_profiles\session1_heat_P_s11_K10_cache1.json
heat,P,10,True,500,field_assembly,0.4901962,0.1522486605772114,3.2197077999999997,runs\revision_v2\results\E2_profiles\session1_heat_P_s11_K10_cache1.json
heat,P,10,True,500,scoring,0.42642640000000004,0.13244257755315564,3.2197077999999997,runs\revision_v2\results\E2_profiles\session1_heat_P_s11_K10_cache1.json
heat,P,10,True,500,return,0.1128712,0.035056348902220265,3.2197077999999997,runs\revision_v2\results\E2_profiles\session1_heat_P_s11_K10_cache1.json
heat,P,10,True,500,projection,0.018383,0.005709524323915357,3.2197077999999997,runs\revision_v2\results\E2_profiles\session1_heat_P_s11_K10_cache1.json
heat,P,10,True,500,verification,0.0088866,0.002760064127558408,3.2197077999999997,runs\revision_v2\results\E2_profiles\session1_heat_P_s11_K10_cache1.json
heat,P,200,False,500,request_preparation,1.3548862,0.16913223506736522,8.01081,runs\revision_v2\results\E2_profiles\session1_heat_P_s11_K200_cache0.json
heat,P,200,False,500,transfer_grid,0.9636158,0.12028943390243935,8.01081,runs\revision_v2\results\E2_profiles\session1_heat_P_s11_K200_cache0.json
heat,P,200,False,500,encoder,1.031942,0.12881868375357797,8.01081,runs\revision_v2\results\E2_profiles\session1_heat_P_s11_K200_cache0.json
heat,P,200,False,500,branch,0.0952998,0.01189639998951417,8.01081,runs\revision_v2\results\E2_profiles\session1_heat_P_s11_K200_cache0.json
heat,P,200,False,500,trunk,0.15540199999999998,0.019399037051184585,8.01081,runs\revision_v2\results\E2_profiles\session1_heat_P_s11_K200_cache0.json
heat,P,200,False,500,field_assembly,3.7323714,0.4659168548498841,8.01081,runs\revision_v2\results\E2_profiles\session1_heat_P_s11_K200_cache0.json
heat,P,200,False,500,scoring,0.5222787999999999,0.06519675288766054,8.01081,runs\revision_v2\results\E2_profiles\session1_heat_P_s11_K200_cache0.json
heat,P,200,False,500,return,0.12417220000000001,0.01550057984148919,8.01081,runs\revision_v2\results\E2_profiles\session1_heat_P_s11_K200_cache0.json
heat,P,200,False,500,projection,0.020370600000000003,0.002542888921345033,8.01081,runs\revision_v2\results\E2_profiles\session1_heat_P_s11_K200_cache0.json
heat,P,200,False,500,verification,0.0104712,0.001307133735539852,8.01081,runs\revision_v2\results\E2_profiles\session1_heat_P_s11_K200_cache0.json
heat,P,200,True,500,request_preparation,1.3022402000000002,0.3937496783610118,3.3072794,runs\revision_v2\results\E2_profiles\session1_heat_P_s11_K200_cache1.json
heat,P,200,True,500,transfer_grid,0.3218716,0.09732216757979383,3.3072794,runs\revision_v2\results\E2_profiles\session1_heat_P_s11_K200_cache1.json
heat,P,200,True,500,encoder,0.7408582,0.22400834958183455,3.3072794,runs\revision_v2\results\E2_profiles\session1_heat_P_s11_K200_cache1.json
heat,P,200,True,500,branch,0.0880258,0.026615773677905772,3.3072794,runs\revision_v2\results\E2_profiles\session1_heat_P_s11_K200_cache1.json
heat,P,200,True,500,trunk,0.0,0.0,3.3072794,runs\revision_v2\results\E2_profiles\session1_heat_P_s11_K200_cache1.json
heat,P,200,True,500,field_assembly,0.39457280000000006,0.119304344229278,3.3072794,runs\revision_v2\results\E2_profiles\session1_heat_P_s11_K200_cache1.json
heat,P,200,True,500,scoring,0.338192,0.1022568580084283,3.3072794,runs\revision_v2\results\E2_profiles\session1_heat_P_s11_K200_cache1.json
heat,P,200,True,500,return,0.09505699999999999,0.02874175069696258,3.3072794,runs\revision_v2\results\E2_profiles\session1_heat_P_s11_K200_cache1.json
heat,P,200,True,500,projection,0.0177676,0.005372270634286296,3.3072794,runs\revision_v2\results\E2_profiles\session1_heat_P_s11_K200_cache1.json
heat,P,200,True,500,verification,0.0086942,0.0026288072304988803,3.3072794,runs\revision_v2\results\E2_profiles\session1_heat_P_s11_K200_cache1.json
