role,pde,method,seed,parent_count,causal_timestamp_violation_count,fallback_episode_count,fallback_errors,mean_candidate_cost_gap_at_tick100,mean_control_cost,mean_fallback_rate,mean_forecast_nrmse_at_tick100,mean_tracking_rmse,violation_count,violation_rate,violation_wilson_upper95
locked_nominal,burgers,B0,,384,0,0,0,1.1999436563475235e-06,0.2664725139151905,0.0,,0.032748704299862104,0,0.0,0.009904714241677031
locked_nominal,burgers,B1,,384,0,0,0,2.737710265567932e-09,0.33971799909582345,0.0,0.3797418264222401,0.037131081360961875,0,0.0,0.009904714241677031
locked_nominal,burgers,P,11,384,0,0,0,1.2278132794680179e-09,0.3411875108904481,0.0,0.37599795384448953,0.03722102440147024,0,0.0,0.009904714241677031
locked_nominal,burgers,P,23,384,0,0,0,4.635492328918922e-09,0.34119211827747536,0.0,0.3755106917815283,0.037221230447518024,0,0.0,0.009904714241677031
locked_nominal,burgers,P,37,384,0,0,0,1.6463364274992315e-09,0.34118873992388604,0.0,0.3719261881390897,0.03722099988800952,0,0.0,0.009904714241677031
locked_nominal,burgers,P-no-rank,11,384,0,0,0,4.267383181685348e-09,0.34114486846966896,0.0,0.37779760590638034,0.03721944518868155,0,0.0,0.009904714241677031
locked_nominal,burgers,P-no-rank,23,384,0,0,0,5.071117538207783e-09,0.34118960212817867,0.0,0.3769847691000905,0.03722085160355902,0,0.0,0.009904714241677031
locked_nominal,burgers,P-no-rank,37,384,0,0,0,5.072489102791754e-09,0.34120929527097066,0.0,0.37305973409092985,0.037221139767156936,0,0.0,0.009904714241677031
locked_nominal,burgers,B4,11,384,0,0,0,4.551460971428847e-09,0.3407239644862628,0.0,0.37420541790197603,0.037195963427675005,0,0.0,0.009904714241677031
locked_nominal,burgers,B4,23,384,0,0,0,1.510537022615418e-09,0.34088926149435955,0.0,0.37588158557385515,0.03721198131154262,0,0.0,0.009904714241677031
locked_nominal,burgers,B4,37,384,0,0,0,1.448868168575112e-09,0.34074044618849614,0.0,0.3753654463895752,0.037196040657177805,0,0.0,0.009904714241677031
locked_nominal,burgers,B5,11,384,0,0,0,1.2278132794680179e-09,0.3411875108904481,0.0,0.3759982166714811,0.03722102440147024,0,0.0,0.009904714241677031
locked_nominal,burgers,B5,23,384,0,0,0,4.635492328918922e-09,0.34119211827747536,0.0,0.3755108942665781,0.037221230447518024,0,0.0,0.009904714241677031
locked_nominal,burgers,B5,37,384,0,0,0,1.6463364274992315e-09,0.34118873992388604,0.0,0.37192627353942953,0.03722099988800952,0,0.0,0.009904714241677031
locked_nominal,burgers,B2,11,384,0,0,0,3.4379873644422904e-07,0.27790550564010563,0.0,,0.03295749020220921,0,0.0,0.009904714241677031
locked_nominal,burgers,B2,23,384,0,0,0,3.36526298579989e-07,0.27875165962501547,0.0,,0.033025620814173394,0,0.0,0.009904714241677031
locked_nominal,burgers,B2,37,384,0,0,0,3.4225807857774255e-07,0.2777861669085016,0.0,,0.03293677641543719,0,0.0,0.009904714241677031
locked_nominal,burgers,B3,11,384,0,0,0,4.0138599363428643e-07,0.2774631729851855,0.0,,0.03304167194845291,0,0.0,0.009904714241677031
locked_nominal,burgers,B3,23,384,0,0,0,3.84441633855081e-07,0.280099059726643,0.0,,0.03318168113774083,0,0.0,0.009904714241677031
locked_nominal,burgers,B3,37,384,0,0,0,4.3355251192160845e-07,0.2821551017318917,0.0,,0.03338844341474505,0,0.0,0.009904714241677031
locked_nominal,heat,B0,,384,0,0,0,0.0007001085575681231,12.055011377213518,0.0,,0.19443537046346057,351,0.9140625,0.9381545403578097
locked_nominal,heat,B1,,384,0,0,0,3.3978123407015366e-06,13.563123097767113,0.0,0.018377059316599827,0.22256724399026848,351,0.9140625,0.9381545403578097
locked_nominal,heat,P,11,384,0,0,0,7.639588858426275e-07,13.751036464184628,0.0,0.008026397827658608,0.22485080867565763,351,0.9140625,0.9381545403578097
locked_nominal,heat,P,23,384,0,0,0,1.939426386337697e-06,13.682524308287052,0.0,0.00800536527094664,0.2240139337887264,351,0.9140625,0.9381545403578097
locked_nominal,heat,P,37,384,0,0,0,3.3171489478395657e-06,13.6853795919367,0.0,0.008201351348058475,0.2240241880838902,351,0.9140625,0.9381545403578097
locked_nominal,heat,P-no-rank,11,384,0,0,0,1.7889165684244648e-06,13.749261913874244,0.0,0.00812337607688581,0.22481298413075157,351,0.9140625,0.9381545403578097
locked_nominal,heat,P-no-rank,23,384,0,0,0,3.7024018119066906e-06,13.647431416243483,0.0,0.007998718252565595,0.22349711716817736,351,0.9140625,0.9381545403578097
locked_nominal,heat,P-no-rank,37,384,0,0,0,3.4620609634125726e-06,13.639287073109253,0.0,0.008066379487596956,0.22339305031769427,351,0.9140625,0.9381545403578097
locked_nominal,heat,B4,11,384,0,0,0,2.669110089525442e-06,13.71355043449121,0.0,0.007931258664636212,0.2242975679359125,351,0.9140625,0.9381545403578097
locked_nominal,heat,B4,23,384,0,0,0,2.6059637413474557e-06,13.68686305457787,0.0,0.007940268364715545,0.22399765541376349,351,0.9140625,0.9381545403578097
locked_nominal,heat,B4,37,384,0,0,0,2.284159997692149e-06,13.70138367468561,0.0,0.007919798101283959,0.22415753768596214,351,0.9140625,0.9381545403578097
locked_nominal,heat,B5,11,384,0,0,0,7.639588858426275e-07,13.751027165605104,0.0,0.008026335708564147,0.22485069840860353,351,0.9140625,0.9381545403578097
locked_nominal,heat,B5,23,384,0,0,0,1.939426386337697e-06,13.682534140792313,0.0,0.008005243553877031,0.22401406400356985,351,0.9140625,0.9381545403578097
locked_nominal,heat,B5,37,384,0,0,0,3.3171489478395657e-06,13.6853795919367,0.0,0.00820138454582775,0.2240241880838902,351,0.9140625,0.9381545403578097
locked_nominal,heat,B2,11,384,0,0,0,7.562532865107331e-05,16.83768717651372,0.0,,0.2566304552898469,351,0.9140625,0.9381545403578097
locked_nominal,heat,B2,23,384,0,0,0,7.473781118683477e-05,16.914191243986338,0.0,,0.25748823174885116,351,0.9140625,0.9381545403578097
locked_nominal,heat,B2,37,384,0,0,0,7.173773047163761e-05,16.89747232741746,0.0,,0.25739165304687317,351,0.9140625,0.9381545403578097
locked_nominal,heat,B3,11,384,0,0,0,6.79894304279832e-05,16.353095455858107,0.0,,0.25076252377417774,351,0.9140625,0.9381545403578097
locked_nominal,heat,B3,23,384,0,0,0,9.565897182008461e-05,17.016485218184233,0.0,,0.2574121692662188,351,0.9140625,0.9381545403578097
locked_nominal,heat,B3,37,384,0,0,0,6.63223695618171e-05,16.836948677771503,0.0,,0.25605524598918156,351,0.9140625,0.9381545403578097
locked_coefficient_ood,burgers,B0,,128,0,0,0,1.283251371732766e-06,0.38903927566715957,0.0,,0.036635418719763085,0,0.0,0.029136956273508416
locked_coefficient_ood,burgers,B1,,128,0,0,0,8.37602719445436e-10,0.536928536349823,0.0,0.5826620102938925,0.0428276419418618,0,0.0,0.029136956273508416
locked_coefficient_ood,burgers,P,11,128,0,0,0,6.952199220874959e-10,0.5379142450219934,0.0,1.5958770555444062,0.04286041216202887,0,0.0,0.029136956273508416
locked_coefficient_ood,burgers,P,23,128,0,0,0,6.204891005084755e-10,0.5378054902350231,0.0,1.5785440206236672,0.04285874593173858,0,0.0,0.029136956273508416
locked_coefficient_ood,burgers,P,37,128,0,0,0,4.766392968646016e-10,0.5376189817736792,0.0,1.3498091241053771,0.04285458099771844,0,0.0,0.029136956273508416
locked_coefficient_ood,burgers,P-no-rank,11,128,0,0,0,6.977570792923596e-10,0.5411170570645636,0.0,1.6463801602076273,0.04291023464573025,0,0.0,0.029136956273508416
locked_coefficient_ood,burgers,P-no-rank,23,128,0,0,0,1.044893871244915e-09,0.5403600813519276,0.0,1.5785065351228695,0.04289752751131519,0,0.0,0.029136956273508416
locked_coefficient_ood,burgers,P-no-rank,37,128,0,0,0,5.247372364722868e-10,0.5402762950521578,0.0,1.3378646438650321,0.042894042135557926,0,0.0,0.029136956273508416
locked_coefficient_ood,burgers,B4,11,128,0,0,0,6.206487483048359e-10,0.537925462111037,0.0,1.473490267060697,0.042865071059937254,0,0.0,0.029136956273508416
locked_coefficient_ood,burgers,B4,23,128,0,0,0,3.386989595481745e-10,0.5376027474902753,0.0,1.0203056012978777,0.04285452356851252,0,0.0,0.029136956273508416
locked_coefficient_ood,burgers,B4,37,128,0,0,0,1.5699914265815614e-09,0.53743729263521,0.0,1.4899690301972441,0.042851515515896964,0,0.0,0.029136956273508416
locked_coefficient_ood,burgers,B5,11,128,0,0,0,6.952199220874959e-10,0.5379142450219934,0.0,1.5958920282428153,0.04286041216202887,0,0.0,0.029136956273508416
locked_coefficient_ood,burgers,B5,23,128,0,0,0,6.204891005084755e-10,0.5378054902350231,0.0,1.5785561250522733,0.04285874593173858,0,0.0,0.029136956273508416
locked_coefficient_ood,burgers,B5,37,128,0,0,0,4.766392968646016e-10,0.5376189817736792,0.0,1.349811531137675,0.04285458099771844,0,0.0,0.029136956273508416
locked_coefficient_ood,burgers,B2,11,128,0,0,0,3.290739883567627e-07,0.4113444788320542,0.0,,0.03718875864996711,0,0.0,0.029136956273508416
locked_coefficient_ood,burgers,B2,23,128,0,0,0,3.237953034094615e-07,0.4116732457746119,0.0,,0.03721888154008362,0,0.0,0.029136956273508416
locked_coefficient_ood,burgers,B2,37,128,0,0,0,3.33584822296089e-07,0.410357413107011,0.0,,0.03712766515203249,0,0.0,0.029136956273508416
locked_coefficient_ood,burgers,B3,11,128,0,0,0,3.6195135071222004e-07,0.4108646080966879,0.0,,0.037255983909164306,0,0.0,0.029136956273508416
locked_coefficient_ood,burgers,B3,23,128,0,0,0,4.4444436984030057e-07,0.410643683855631,0.0,,0.037300345148477194,0,0.0,0.029136956273508416
locked_coefficient_ood,burgers,B3,37,128,0,0,0,4.038901426956796e-07,0.41254487735571754,0.0,,0.03735469651160848,0,0.0,0.029136956273508416
locked_coefficient_ood,heat,B0,,128,0,0,0,0.0006265164057850255,5.546748839786472,0.0,,0.1220700511378909,114,0.890625,0.9337212042929989
locked_coefficient_ood,heat,B1,,128,0,0,0,8.505364675402994e-07,6.856707474104863,0.0,0.024862725653688217,0.15567122153777704,114,0.890625,0.9337212042929989
locked_coefficient_ood,heat,P,11,128,0,0,0,1.7153199654001458e-06,7.069705696947337,0.0,0.01621443565818481,0.15849242251137916,114,0.890625,0.9337212042929989
locked_coefficient_ood,heat,P,23,128,0,0,0,4.17259976682189e-06,6.97726532821113,0.0,0.016069546174549032,0.15713388171974535,114,0.890625,0.9337212042929989
locked_coefficient_ood,heat,P,37,128,0,0,0,2.547672478107738e-06,7.080063745303333,0.0,0.014889372785546584,0.15869706706586117,114,0.890625,0.9337212042929989
locked_coefficient_ood,heat,P-no-rank,11,128,0,0,0,2.832871352420562e-06,7.18737977134317,0.0,0.017442100936023053,0.16031772936489042,114,0.890625,0.9337212042929989
locked_coefficient_ood,heat,P-no-rank,23,128,0,0,0,3.00308802227982e-06,7.1556794771200884,0.0,0.016664898030285258,0.16002652265988182,114,0.890625,0.9337212042929989
locked_coefficient_ood,heat,P-no-rank,37,128,0,0,0,2.715190079186249e-06,7.225093189228719,0.0,0.015294444958271924,0.1609776223346354,114,0.890625,0.9337212042929989
locked_coefficient_ood,heat,B4,11,128,0,0,0,2.646389502356214e-06,7.118740894948873,0.0,0.01616595487575978,0.15908544021566706,114,0.890625,0.9337212042929989
locked_coefficient_ood,heat,B4,23,128,0,0,0,1.5250216222272307e-06,7.164050418813488,0.0,0.015561913653073134,0.15977179806718567,114,0.890625,0.9337212042929989
locked_coefficient_ood,heat,B4,37,128,0,0,0,2.2978747297584076e-06,7.054111509756659,0.0,0.015303344673156971,0.15815674276796746,114,0.890625,0.9337212042929989
locked_coefficient_ood,heat,B5,11,128,0,0,0,1.7153199654001458e-06,7.069705696947337,0.0,0.016214138602663297,0.15849242251137916,114,0.890625,0.9337212042929989
locked_coefficient_ood,heat,B5,23,128,0,0,0,4.17259976682189e-06,6.97726532821113,0.0,0.016069539458840154,0.15713388171974535,114,0.890625,0.9337212042929989
locked_coefficient_ood,heat,B5,37,128,0,0,0,2.547672478107738e-06,7.080043500565811,0.0,0.014889364374539582,0.15869635418580652,114,0.890625,0.9337212042929989
locked_coefficient_ood,heat,B2,11,128,0,0,0,0.00022588446452662887,12.683803554700223,0.0,,0.23139530285841525,114,0.890625,0.9337212042929989
locked_coefficient_ood,heat,B2,23,128,0,0,0,0.0002350827634227876,12.825721464176448,0.0,,0.23302904756418802,114,0.890625,0.9337212042929989
locked_coefficient_ood,heat,B2,37,128,0,0,0,0.00022081784035064654,12.66897942124675,0.0,,0.23134395835255564,114,0.890625,0.9337212042929989
locked_coefficient_ood,heat,B3,11,128,0,0,0,0.00015219271559644844,11.833899756465401,0.0,,0.22162320328579727,114,0.890625,0.9337212042929989
locked_coefficient_ood,heat,B3,23,128,0,0,0,0.00020657906417390225,12.056695328963617,0.0,,0.2241260758557061,114,0.890625,0.9337212042929989
locked_coefficient_ood,heat,B3,37,128,0,0,0,0.00012957935726523525,11.746170770152094,0.0,,0.22078556198020655,114,0.890625,0.9337212042929989
locked_delay_dropout,burgers,B0,,128,0,0,0,8.674918611246166e-07,0.2501530770118818,0.0,,0.0315151680150802,0,0.0,0.029136956273508416
locked_delay_dropout,burgers,B1,,128,0,0,0,1.8992454122852416e-09,0.3124569792712778,0.0,0.3763055625021857,0.03537536705723008,0,0.0,0.029136956273508416
locked_delay_dropout,burgers,P,11,128,0,0,0,1.7929848011212113e-08,0.3127117608622849,0.0,0.4524503003631253,0.035415542554272324,0,0.0,0.029136956273508416
locked_delay_dropout,burgers,P,23,128,0,0,0,1.7703405471004588e-08,0.31271573256617846,0.0,0.44333797349827364,0.035414353523435,0,0.0,0.029136956273508416
locked_delay_dropout,burgers,P,37,128,0,0,0,1.792984426628893e-08,0.31284837229088036,0.0,0.44302366775809787,0.03543424596530123,0,0.0,0.029136956273508416
locked_delay_dropout,burgers,P-no-rank,11,128,0,0,0,3.31210089724343e-08,0.3128031991459792,0.0,0.45241218819865026,0.03542671024012021,0,0.0,0.029136956273508416
locked_delay_dropout,burgers,P-no-rank,23,128,0,0,0,3.289456534039035e-08,0.312722333896558,0.0,0.4420666764199268,0.035415112632511986,0,0.0,0.029136956273508416
locked_delay_dropout,burgers,P-no-rank,37,128,0,0,0,1.792984426683849e-08,0.31284916965617116,0.0,0.4432740898046177,0.03543447051535788,0,0.0,0.029136956273508416
locked_delay_dropout,burgers,B4,11,128,0,0,0,1.792984351207718e-08,0.3128953972829852,0.0,0.4447776157176122,0.035427268172334395,0,0.0,0.029136956273508416
locked_delay_dropout,burgers,B4,23,128,0,0,0,1.792984643015967e-08,0.31250951307491764,0.0,0.4459524353442248,0.03539136318176632,0,0.0,0.029136956273508416
locked_delay_dropout,burgers,B4,37,128,0,0,0,1.7876268352032637e-08,0.3127372138601041,0.0,0.4443671964399982,0.03540607511317481,0,0.0,0.029136956273508416
locked_delay_dropout,burgers,B5,11,128,0,0,0,1.7929848011212113e-08,0.3127117608622849,0.0,0.4524506595917046,0.035415542554272324,0,0.0,0.029136956273508416
locked_delay_dropout,burgers,B5,23,128,0,0,0,1.7703405471004588e-08,0.31271573256617846,0.0,0.4433382162533235,0.035414353523435,0,0.0,0.029136956273508416
locked_delay_dropout,burgers,B5,37,128,0,0,0,1.792984426628893e-08,0.31284837229088036,0.0,0.4430237877822947,0.03543424596530123,0,0.0,0.029136956273508416
locked_delay_dropout,burgers,B2,11,128,0,0,0,1.041863186000533e-06,0.26065039620416414,0.0,,0.03165499388547294,0,0.0,0.029136956273508416
locked_delay_dropout,burgers,B2,23,128,0,0,0,1.0248961892326945e-06,0.2606736325993344,0.0,,0.03164287334482496,0,0.0,0.029136956273508416
locked_delay_dropout,burgers,B2,37,128,0,0,0,9.876093956943563e-07,0.2603148838151865,0.0,,0.03161515002372391,0,0.0,0.029136956273508416
locked_delay_dropout,burgers,B3,11,128,0,0,0,1.227558265953984e-06,0.25967876110446186,0.0,,0.03166756739175382,0,0.0,0.029136956273508416
locked_delay_dropout,burgers,B3,23,128,0,0,0,1.2087698248383807e-06,0.2602552933462394,0.0,,0.031672611547208206,0,0.0,0.029136956273508416
locked_delay_dropout,burgers,B3,37,128,0,0,0,1.2691875701627985e-06,0.26145164770753526,0.0,,0.03177485298323742,0,0.0,0.029136956273508416
locked_delay_dropout,heat,B0,,128,0,0,0,0.0006346886523624236,12.996960565296146,0.0,,0.2014636272026904,115,0.8984375,0.9396813512731592
locked_delay_dropout,heat,B1,,128,0,0,0,2.9354997339658665e-06,14.18371912064578,0.0,0.019219443686819267,0.2240523620962147,115,0.8984375,0.9396813512731592
locked_delay_dropout,heat,P,11,128,0,0,0,8.251544702784193e-07,14.398928283189203,0.0,0.009002903061627876,0.22696155465736853,115,0.8984375,0.9396813512731592
locked_delay_dropout,heat,P,23,128,0,0,0,3.8486326215517974e-06,14.343894679803064,0.0,0.008973834388598334,0.22635064203041078,115,0.8984375,0.9396813512731592
locked_delay_dropout,heat,P,37,128,0,0,0,4.22980397643478e-06,14.320994556726756,0.0,0.008963021427916829,0.22607830195476397,115,0.8984375,0.9396813512731592
locked_delay_dropout,heat,P-no-rank,11,128,0,0,0,2.0155231236297484e-06,14.423295729875644,0.0,0.00910446740090265,0.22725080838588418,115,0.8984375,0.9396813512731592
locked_delay_dropout,heat,P-no-rank,23,128,0,0,0,5.233938788247676e-06,14.329875320129146,0.0,0.008980643040558789,0.22610655254665066,115,0.8984375,0.9396813512731592
locked_delay_dropout,heat,P-no-rank,37,128,0,0,0,4.25218404278466e-06,14.288369975612527,0.0,0.008905122391297482,0.22554369124714624,115,0.8984375,0.9396813512731592
locked_delay_dropout,heat,B4,11,128,0,0,0,2.8753876872737182e-06,14.328631267420045,0.0,0.00888780507739284,0.22591925014185113,115,0.8984375,0.9396813512731592
locked_delay_dropout,heat,B4,23,128,0,0,0,5.948233887567203e-06,14.303106989618055,0.0,0.008828982074192027,0.22560422256012952,115,0.8984375,0.9396813512731592
locked_delay_dropout,heat,B4,37,128,0,0,0,2.669042283818473e-06,14.330052440643367,0.0,0.008893611164239701,0.2259155204082367,115,0.8984375,0.9396813512731592
locked_delay_dropout,heat,B5,11,128,0,0,0,8.251544702784193e-07,14.398928283189203,0.0,0.009002884151414037,0.22696155465736853,115,0.8984375,0.9396813512731592
locked_delay_dropout,heat,B5,23,128,0,0,0,3.8486326215517974e-06,14.343894679803064,0.0,0.008973848194727907,0.22635064203041078,115,0.8984375,0.9396813512731592
locked_delay_dropout,heat,B5,37,128,0,0,0,4.22980397643478e-06,14.320994556726756,0.0,0.008963041556853568,0.22607830195476397,115,0.8984375,0.9396813512731592
locked_delay_dropout,heat,B2,11,128,0,0,0,6.698713730780513e-05,17.814062031682003,0.0,,0.2594103298970501,115,0.8984375,0.9396813512731592
locked_delay_dropout,heat,B2,23,128,0,0,0,6.620728290965161e-05,17.879894321697144,0.0,,0.2601540779653203,115,0.8984375,0.9396813512731592
locked_delay_dropout,heat,B2,37,128,0,0,0,6.28096542227878e-05,17.84832071753368,0.0,,0.2599787738551399,115,0.8984375,0.9396813512731592
locked_delay_dropout,heat,B3,11,128,0,0,0,6.57994509233808e-05,17.40442940561804,0.0,,0.25440241329203095,115,0.8984375,0.9396813512731592
locked_delay_dropout,heat,B3,23,128,0,0,0,9.800744585546772e-05,18.09803636009803,0.0,,0.26094482744585934,115,0.8984375,0.9396813512731592
locked_delay_dropout,heat,B3,37,128,0,0,0,7.987189630663354e-05,17.946115426639615,0.0,,0.2601374106877434,115,0.8984375,0.9396813512731592
