pde,method,K,cache,requests,p50_ms,p95_ms,p99_ms,p999_ms,miss_count_5ms,miss_rate_5ms
burgers,P,10,False,45000,3.1265,7.339794999999992,13.076020000000005,15.538606599999978,8821,0.1960222222222222
burgers,P,10,True,45000,2.4626,4.9911,11.00074700000001,13.430921899999925,2182,0.04848888888888889
burgers,P,25,False,45000,3.2109,9.661839999999742,13.605309000000021,15.830309299999968,8636,0.19191111111111112
burgers,P,25,True,45000,2.5395,4.9728,5.7608290000000055,12.995141499999859,2046,0.04546666666666667
burgers,P,50,False,45000,3.2485,6.6248349999999965,11.478934000000006,14.534491799999685,5340,0.11866666666666667
burgers,P,50,True,45000,2.6177,5.073209999999999,6.094414000000003,13.094842599999852,2903,0.06451111111111112
burgers,P,100,False,45000,3.421,6.802404999999999,11.647323000000004,14.99890879999997,6445,0.14322222222222222
burgers,P,100,True,45000,2.7913,5.1244,5.472804000000001,5.796402099999993,3150,0.07
burgers,P,200,False,45000,3.7574,7.275629999999997,12.403979000000016,15.811615999999946,7181,0.1595777777777778
burgers,P,200,True,45000,3.1272,5.526605,5.881601,6.299601799999993,4689,0.1042
burgers,B4,10,False,45000,3.1527,6.983414999999998,12.841718000000004,15.718100999999995,8656,0.19235555555555556
burgers,B4,10,True,45000,2.5082,5.1819049999999995,11.554807000000002,13.969305299999982,3301,0.07335555555555555
burgers,B4,25,False,45000,3.2192,6.748505,11.965104,15.383044899999845,5835,0.12966666666666668
burgers,B4,25,True,45000,2.5955,5.090504999999999,6.192991000000019,13.317015699999946,3294,0.0732
burgers,B4,50,False,45000,3.2945,6.704,11.444738000000006,14.609259399999795,5167,0.11482222222222223
burgers,B4,50,True,45000,2.6705,5.114014999999998,6.303853000000052,13.176430599999895,3532,0.07848888888888889
burgers,B4,100,False,45000,3.4856,7.184334999999997,12.453829000000006,15.643900499999999,7816,0.1736888888888889
burgers,B4,100,True,45000,2.8572,5.5451,11.679417000000003,13.657203199999989,6861,0.15246666666666667
burgers,B4,200,False,45000,3.8083,7.266405,7.780802,8.647240199999862,6782,0.1507111111111111
burgers,B4,200,True,45000,3.1946,5.997305,12.003219000000003,14.45150279999999,7666,0.17035555555555557
heat,P,10,False,45000,4.7484,10.294134999999997,16.43089100000002,19.334203499999987,10207,0.22682222222222223
heat,P,10,True,45000,2.643,5.3263099999999985,11.164815000000003,13.574411499999961,6224,0.1383111111111111
heat,P,25,False,45000,4.8286,10.273684999999993,15.290434000000028,19.358002299999992,12086,0.2685777777777778
heat,P,25,True,45000,2.7288,5.325305,7.5748780000005045,13.359104299999984,6653,0.14784444444444444
heat,P,50,False,45000,4.8974,10.065554999999994,13.77504500000001,19.04090939999997,14459,0.3213111111111111
heat,P,50,True,45000,2.8007,5.386604999999999,6.183103,13.50344349999985,5456,0.12124444444444445
heat,P,100,False,45000,5.0761,10.648469999999994,15.775594000000018,19.55311139999996,29740,0.6608888888888889
heat,P,100,True,45000,2.9651,5.6061049999999994,10.328139000000132,13.571815799999946,6090,0.13533333333333333
heat,P,200,False,45000,5.4299,13.594714999999999,18.286366000000015,20.080401999999992,44130,0.9806666666666667
heat,P,200,True,45000,3.2952,5.9277,6.264101,6.853600999999997,5573,0.12384444444444444
heat,B4,10,False,45000,4.8338,13.438429999999997,18.089266000000016,19.51480379999999,14394,0.3198666666666667
heat,B4,10,True,45000,2.6851,5.491009999999998,11.781807000000002,13.876501599999994,6177,0.13726666666666668
heat,B4,25,False,45000,4.8956,13.065234999999987,17.841403,19.574106799999978,14964,0.33253333333333335
heat,B4,25,True,45000,2.7715,5.631519999999998,11.773319000000004,14.102921999999925,6451,0.14335555555555557
heat,B4,50,False,45000,4.9233,9.904515,10.196902,10.620104899999983,14783,0.3285111111111111
heat,B4,50,True,45000,2.8464,5.602205,11.440002,13.933207299999975,6456,0.14346666666666666
heat,B4,100,False,45000,5.1083,10.256634999999998,14.03645500000001,19.407001099999995,33739,0.7497555555555555
heat,B4,100,True,45000,3.037,6.315974999999994,12.619433000000008,14.498901299999996,8914,0.1980888888888889
heat,B4,200,False,45000,5.4506,10.6784,14.690305000000002,19.816006799999975,44227,0.9828222222222223
heat,B4,200,True,45000,3.39275,6.4635,11.979304,14.424105199999982,7494,0.16653333333333334
