pde,method,seed,K,cache,requests,p50_ms,p95_ms,p99_ms,p999_ms,miss_count_5ms,miss_rate_5ms
burgers,P,11,10,False,15000,3.1127,6.877224999999998,12.758385000000002,15.087020000000004,2745,0.183
burgers,P,23,10,False,15000,3.11395,6.876594999999998,12.818915,15.405120000000004,2600,0.17333333333333334
burgers,P,37,10,False,15000,3.163,11.459645,13.490416999999999,15.871929400000006,3476,0.23173333333333335
burgers,P,11,10,True,15000,2.46555,5.09971,11.177523,13.54834860000001,918,0.0612
burgers,P,23,10,True,15000,2.4787,5.18621,11.770436000000005,13.598634200000006,1127,0.07513333333333333
burgers,P,37,10,True,15000,2.4487,4.770105,4.98301,5.253306200000002,137,0.009133333333333334
burgers,P,11,25,False,15000,3.2271,7.786059999999995,13.423641000000002,15.820726200000006,3443,0.22953333333333334
burgers,P,23,25,False,15000,3.1827,6.92173,12.611509999999999,15.55634380000001,2122,0.14146666666666666
burgers,P,37,25,False,15000,3.2288,11.56092,14.042000999999999,15.959555800000011,3071,0.20473333333333332
burgers,P,11,25,True,15000,2.5313,4.8563,5.342223000000001,5.725819800000004,402,0.0268
burgers,P,23,25,True,15000,2.5338,4.9312,5.229517,5.454614400000003,498,0.0332
burgers,P,37,25,True,15000,2.5563,5.1889,11.264812,13.578636700000008,1146,0.0764
burgers,P,11,50,False,15000,3.2442,6.473205,6.764912,7.288832300000006,1339,0.08926666666666666
burgers,P,23,50,False,15000,3.2612,7.038844999999999,12.975002,15.549613100000002,2112,0.1408
burgers,P,37,50,False,15000,3.2412,6.54822,6.795631000000001,7.1748272000000055,1889,0.12593333333333334
burgers,P,11,50,True,15000,2.6119,4.848529999999999,5.125004,5.412706500000001,368,0.024533333333333334
burgers,P,23,50,True,15000,2.6311,5.3473299999999995,11.504205,13.787736200000007,1749,0.1166
burgers,P,37,50,True,15000,2.6134,5.010615,5.332605,5.553904500000001,786,0.0524
burgers,P,11,100,False,15000,3.4438,7.3553099999999985,13.187913000000004,15.713634800000007,2673,0.1782
burgers,P,23,100,False,15000,3.4082,6.705005,6.937011000000001,7.1856007,1937,0.12913333333333332
burgers,P,37,100,False,15000,3.4141,6.670705,6.931401,7.4599068000000015,1835,0.12233333333333334
burgers,P,11,100,True,15000,2.7937,5.163815,5.506419,5.825205900000001,1185,0.079
burgers,P,23,100,True,15000,2.7855499999999997,4.932934999999999,5.313307,5.655005000000001,678,0.0452
burgers,P,37,100,True,15000,2.79565,5.178705,5.516414,5.814802500000001,1287,0.0858
burgers,P,11,200,False,15000,3.73605,7.055515,7.314803,7.616401,1803,0.1202
burgers,P,23,200,False,15000,3.779,7.817269999999999,14.201303000000006,16.137562800000012,2973,0.1982
burgers,P,37,200,False,15000,3.76175,7.30772,12.512010000000004,15.833632000000028,2405,0.16033333333333333
burgers,P,11,200,True,15000,3.1247,5.5439,5.910415,6.220113900000003,1310,0.08733333333333333
burgers,P,23,200,True,15000,3.1323,5.5371049999999995,5.875333000000001,6.352308700000002,1913,0.12753333333333333
burgers,P,37,200,True,15000,3.1254,5.493105,5.853403,6.314328600000006,1466,0.09773333333333334
burgers,B4,11,10,False,15000,3.12235,6.50261,6.7329110000000005,7.0155406000000085,2433,0.1622
burgers,B4,23,10,False,15000,3.1434,6.8298049999999995,12.469606,15.680927100000005,2576,0.17173333333333332
burgers,B4,37,10,False,15000,3.21015,11.63854,14.278507999999999,16.118566100000013,3647,0.24313333333333334
burgers,B4,11,10,True,15000,2.5045,5.100439999999999,11.323203,13.883207300000002,961,0.06406666666666666
burgers,B4,23,10,True,15000,2.5075,5.15991,11.561503,13.7799063,1076,0.07173333333333333
burgers,B4,37,10,True,15000,2.5131,5.31572,11.805139,14.380421300000004,1264,0.08426666666666667
burgers,B4,11,25,False,15000,3.2202,6.926735,12.367461000000004,15.572266100000014,1765,0.11766666666666667
burgers,B4,23,25,False,15000,3.20485,6.5519,6.805305,7.252307300000002,1527,0.1018
burgers,B4,37,25,False,15000,3.2372,6.967639999999999,12.690028,15.692930200000006,2543,0.16953333333333334
burgers,B4,11,25,True,15000,2.6053,5.32473,11.530878000000007,14.225875300000014,1428,0.0952
burgers,B4,23,25,True,15000,2.5914,5.0368,5.288001,5.641408300000002,960,0.064
burgers,B4,37,25,True,15000,2.5909,5.035305,5.360215,5.640203200000001,906,0.0604
burgers,B4,11,50,False,15000,3.3253,7.101699999999999,12.743116000000008,15.42914640000001,2563,0.17086666666666667
burgers,B4,23,50,False,15000,3.2804,6.5618,6.866907,7.492758700000032,1220,0.08133333333333333
burgers,B4,37,50,False,15000,3.2856,6.582514999999999,6.837011,7.154718700000004,1384,0.09226666666666666
burgers,B4,11,50,True,15000,2.6587,4.92182,5.221034,5.539207900000002,596,0.039733333333333336
burgers,B4,23,50,True,15000,2.6679,5.0736,5.3128020000000005,5.643210500000002,1073,0.07153333333333334
burgers,B4,37,50,True,15000,2.6884,5.3554,11.681370000000001,13.936586100000017,1863,0.1242
burgers,B4,11,100,False,15000,3.48535,7.42601,12.996922000000009,15.788912200000002,2656,0.17706666666666668
burgers,B4,23,100,False,15000,3.4879,7.4591449999999995,13.308266000000001,15.984016200000003,2423,0.16153333333333333
burgers,B4,37,100,False,15000,3.484,6.938305,7.774114,8.187901600000002,2737,0.18246666666666667
burgers,B4,11,100,True,15000,2.8557,5.35591,5.823434000000001,12.492615200000003,1897,0.12646666666666667
burgers,B4,23,100,True,15000,2.8798500000000002,10.884909999999993,12.89251,14.35125440000001,3181,0.21206666666666665
burgers,B4,37,100,True,15000,2.844,5.276325,5.608406,5.882005700000001,1783,0.11886666666666666
burgers,B4,11,200,False,15000,3.8766999999999996,7.64241,7.965704,9.1630037,2535,0.169
burgers,B4,23,200,False,15000,3.7902,7.1538,7.404003,7.839117400000004,2461,0.16406666666666667
burgers,B4,37,200,False,15000,3.7867,7.13601,7.418706,7.798838200000008,1786,0.11906666666666667
burgers,B4,11,200,True,15000,3.2274,11.301204999999998,13.608843000000002,14.950106500000002,3563,0.23753333333333335
burgers,B4,23,200,True,15000,3.1751,5.629915,5.996207,6.360404300000001,1563,0.1042
burgers,B4,37,200,True,15000,3.1909,5.93351,6.31302,7.556522000000005,2540,0.16933333333333334
heat,P,11,10,False,15000,4.7181,9.695514999999999,9.984269000000001,10.417712900000003,2290,0.15266666666666667
heat,P,23,10,False,15000,4.769,12.922104999999993,17.888650000000002,19.392931500000007,3829,0.25526666666666664
heat,P,37,10,False,15000,4.7641,12.957904999999988,17.93969700000001,19.584711700000003,4088,0.27253333333333335
heat,P,11,10,True,15000,2.6257,5.10891,5.296321,5.508405700000001,1197,0.0798
heat,P,23,10,True,15000,2.6660500000000003,5.469005,11.547291000000001,13.860508300000001,2828,0.18853333333333333
heat,P,37,10,True,15000,2.6438,5.459409999999999,11.528604000000001,13.781667000000013,2199,0.1466
heat,P,11,25,False,15000,4.8499,13.02722,17.678388,19.402002200000002,4729,0.31526666666666664
heat,P,23,25,False,15000,4.8002,9.739205,10.020832,10.374001400000001,2940,0.196
heat,P,37,25,False,15000,4.84285,12.191074999999982,17.011672000000004,19.500905400000004,4417,0.29446666666666665
heat,P,11,25,True,15000,2.7177,5.25413,5.497544,5.738403400000001,1796,0.11973333333333333
heat,P,23,25,True,15000,2.7228,5.239509999999999,5.477902,5.7408016,2068,0.13786666666666667
heat,P,37,25,True,15000,2.7492,5.57953,11.978236000000003,14.088340500000008,2789,0.18593333333333334
heat,P,11,50,False,15000,4.9215,10.070015,10.5748,11.093411200000004,5779,0.38526666666666665
heat,P,23,50,False,15000,4.8608,9.724805,10.038004,10.548007400000001,3093,0.2062
heat,P,37,50,False,15000,4.9214,13.020194999999998,17.70156400000001,19.4301038,5587,0.37246666666666667
heat,P,11,50,True,15000,2.8279,5.609464999999999,11.859074000000001,14.34850180000002,2268,0.1512
heat,P,23,50,True,15000,2.78435,5.284505,5.534815,5.850610000000002,1643,0.10953333333333333
heat,P,37,50,True,15000,2.7955,5.3221099999999995,5.636040000000001,6.017303900000001,1545,0.103
heat,P,11,100,False,15000,5.0349,9.96594,10.26473,10.6763055,8796,0.5864
heat,P,23,100,False,15000,5.04735,10.019414999999999,10.290104000000001,10.750026400000005,9224,0.6149333333333333
heat,P,37,100,False,15000,5.1912,14.14623,18.760861000000002,19.836755200000013,11720,0.7813333333333333
heat,P,11,100,True,15000,2.9559,5.518809999999999,5.775101,6.170205600000002,1867,0.12446666666666667
heat,P,23,100,True,15000,2.98535,5.847005,12.06221400000001,14.152516100000003,2550,0.17
heat,P,37,100,True,15000,2.9563,5.507915,5.794308,6.147707300000002,1673,0.11153333333333333
heat,P,11,200,False,15000,5.4311,13.53471,18.103229000000006,19.916426100000006,14702,0.9801333333333333
heat,P,23,200,False,15000,5.4176,13.614579999999998,18.378903,20.2090006,14693,0.9795333333333334
heat,P,37,200,False,15000,5.4423,13.644604999999995,18.367995,20.014139900000007,14735,0.9823333333333333
heat,P,11,200,True,15000,3.3069,6.067209999999999,6.427208,7.186628000000006,2421,0.1614
heat,P,23,200,True,15000,3.2958,5.864109999999999,6.185603,6.597155600000011,1684,0.11226666666666667
heat,P,37,200,True,15000,3.2842,5.807759999999999,6.121612,6.5254009,1468,0.09786666666666667
heat,B4,11,10,False,15000,4.8185,13.037794999999997,17.972656,19.573455200000012,4377,0.2918
heat,B4,23,10,False,15000,4.8857,13.78355,18.459493000000002,19.518633500000007,5786,0.3857333333333333
heat,B4,37,10,False,15000,4.80705,12.882249999999992,17.371029,19.365629900000005,4231,0.2820666666666667
heat,B4,11,10,True,15000,2.6798,5.49083,11.770034,13.752656200000011,2071,0.13806666666666667
heat,B4,23,10,True,15000,2.7205,10.68361,12.800002000000001,14.430209000000001,3039,0.2026
heat,B4,37,10,True,15000,2.6668,5.1198049999999995,5.361104,5.6465017,1067,0.07113333333333334
heat,B4,11,25,False,15000,4.8423,9.630654999999999,10.08931,10.471008000000001,2706,0.1804
heat,B4,23,25,False,15000,4.9749,14.02554,18.761687000000002,19.771514200000002,7060,0.4706666666666667
heat,B4,37,25,False,15000,4.904,13.018034999999994,17.475649000000004,19.484026300000007,5198,0.34653333333333336
heat,B4,11,25,True,15000,2.764,5.662674999999999,11.849704000000003,14.050874100000016,1696,0.11306666666666666
heat,B4,23,25,True,15000,2.774,5.634309999999999,11.870899000000001,14.143586200000017,2474,0.16493333333333332
heat,B4,37,25,True,15000,2.7773,5.5844,11.586429000000003,14.073829100000006,2281,0.15206666666666666
heat,B4,11,50,False,15000,4.9296,9.918645,10.211915000000001,10.807607600000003,5154,0.3436
heat,B4,23,50,False,15000,4.9224499999999995,9.896605,10.167622000000001,10.511201100000001,4886,0.3257333333333333
heat,B4,37,50,False,15000,4.9182500000000005,9.897915,10.202811,10.571710500000002,4743,0.3162
heat,B4,11,50,True,15000,2.8811,10.927335,12.876023000000002,14.6610008,2867,0.19113333333333332
heat,B4,23,50,True,15000,2.8292,5.37301,5.662405,6.020507800000002,1609,0.10726666666666666
heat,B4,37,50,True,15000,2.8368,5.4448,5.692206,6.004607900000002,1980,0.132
heat,B4,11,100,False,15000,5.13245,13.368329999999998,18.074064000000007,19.8023065,11646,0.7764
heat,B4,23,100,False,15000,5.0941,10.092715,10.395715000000001,10.899617600000003,10986,0.7324
heat,B4,37,100,False,15000,5.1011500000000005,10.127815,10.381314,10.728612900000003,11107,0.7404666666666667
heat,B4,11,100,True,15000,3.0233,5.961815,12.051860000000001,14.131729700000006,2370,0.158
heat,B4,23,100,True,15000,3.0312,5.973074999999999,12.321646000000001,14.468232000000006,3065,0.20433333333333334
heat,B4,37,100,True,15000,3.06345,11.111205,13.159805,14.725509200000003,3479,0.23193333333333332
heat,B4,11,200,False,15000,5.45185,10.591935,14.312725000000002,19.55273480000001,14743,0.9828666666666667
heat,B4,23,200,False,15000,5.4818,13.67425,18.310490000000005,20.026821000000005,14778,0.9852
heat,B4,37,200,False,15000,5.4238,10.395105,10.674007,11.2082012,14706,0.9804
heat,B4,11,200,True,15000,3.6758,6.754309999999999,12.732086000000006,14.81854350000001,3616,0.24106666666666668
heat,B4,23,200,True,15000,3.3729500000000003,6.463549999999999,12.434252000000004,14.397127000000005,2816,0.18773333333333334
heat,B4,37,200,True,15000,3.3349,5.80091,6.267140000000001,6.944730500000007,1062,0.0708
