pde,K,cache,mean_per_seed_p99_ratio,seed11_ratio,seed23_ratio,seed37_ratio,ci_low,ci_high,bootstrap_replicates,point_ratio_at_most_075,pointwise_upper_below_one
burgers,10,False,1.2892490434106156,1.8949285086346754,1.0280128337655576,0.9448057878316138,0.9517330515717157,1.7046711059724435,10000,False,False
burgers,10,True,0.8091036581300187,0.987134382382794,1.018071439327569,0.4221051526796931,0.5909440811403677,1.0199764793269208,10000,False,False
burgers,25,False,1.34837539672042,1.0853999054454262,1.853188064311592,1.1065382204042418,0.9848001098151938,1.9931216106119514,10000,False,False
burgers,25,True,1.1845990445949832,0.46329715742374494,0.9889402441489705,2.101559732212234,0.6152732098744954,1.8449107178365427,10000,False,False
burgers,50,False,1.1381042912132144,0.5308679603952436,1.8894972656539544,0.9939476475904457,0.6593468519443147,1.6675620488246825,10000,False,False
burgers,50,True,1.2011621699796255,0.9816070916220808,2.165374316603555,0.45650510171324077,0.6081292230710313,1.8754926884324157,10000,False,False
burgers,100,False,0.8091836766327484,1.0146950947308906,0.5212558119893306,0.891600123178024,0.6257167830707075,1.0036454884922905,10000,False,False
burgers,100,True,0.780427739404292,0.9455621889077819,0.4121235508058555,0.9835974784992386,0.41723968985735094,0.9896301878348698,10000,False,True
burgers,200,False,1.5076311154905024,0.9182870716762763,1.9180574346066588,1.6865488401885724,0.9278055826106258,1.9185081304689968,10000,False,False
burgers,200,True,0.7804479720955951,0.43430694291939437,0.979841589858389,0.9271953835090021,0.44200842093687603,0.9814042904539296,10000,False,True
heat,10,False,0.852446000899477,0.555525516095117,0.9690759112398157,1.032736575363498,0.554327117829876,1.025043514505693,10000,False,False
heat,10,True,1.1675104980352193,0.4499834919763188,0.9021319684168799,2.1504160337124594,0.44799526235147763,1.8659086071343431,10000,False,False
heat,25,False,1.0865838446776948,1.752189991188694,0.534111458100756,0.9734500847436338,0.536723692403559,1.752204259972103,10000,False,False
heat,25,True,0.653070584344559,0.4639393524091403,0.46145637327046585,1.0338160273540709,0.44405648615631266,1.430776043555757,10000,True,False
heat,50,False,1.2525855502596361,1.035535450500714,0.9872518864292948,1.7349693138488997,0.9856972389064342,1.555507600340613,10000,False,False
heat,50,True,0.9628733135751893,0.9210199453666711,0.9774671716346677,0.9901328237242295,0.7595425743217775,1.0116842265693597,10000,False,False
heat,100,False,1.1216476043841765,0.5679259517947925,0.9898409104135695,1.8071759509441678,0.6960633807656972,1.7658755546540388,10000,False,False
heat,100,True,0.6328120111532676,0.4791875279002577,0.9789450208194594,0.4403034847400854,0.4365309529155756,1.434902477505827,10000,True,False
heat,200,False,1.3297953863607248,1.26483454408577,1.003736273578697,1.7208153414177076,0.9918855419627418,1.5949132889672955,10000,False,False
heat,200,True,0.6596826769099204,0.5048040046226515,0.4974648253871643,0.9767792007199454,0.47278656155508747,0.9822648448361448,10000,True,True
