old_path,new_path,sha256
data/revision/BATCH_ROLLOUT_TESTS.json,data/followup/BATCH_ROLLOUT_TESTS.json,7cdbc0d6acc7dcbcd4058ae342c8da38f1c600cbc052b150dbfbf5fc4673b347
data/revision/COMPLETED_TABLE_NUMERIC_AUDIT.json,data/followup/COMPLETED_TABLE_NUMERIC_AUDIT.json,661b29dc93e0e5b237ed46585fb5d8358002d8d236c960cf9a6bbb3ccd290207
data/revision/E1_burgers_cuda_COMPLETE.json,data/followup/D1_burgers_cuda_COMPLETE.json,c1bc8d0539d5d87a31059c6760ae123ea11f7b655fe788f010abb5f745064b7c
data/revision/E1_candidate_frequency.csv,data/followup/D1_candidate_frequency.csv,310efa12161af07c79fb701585235d0a0c1ecb93425b9d6671306a5d40bb8d96
data/revision/E1_candidate_frequency_record.json,data/followup/D1_candidate_frequency_record.json,aa5bb61549458389d6e7e7e02c2321e3b0b301673894402a019f9f7bc53fb3c7
data/revision/E1_heat_COMPLETE.json,data/followup/D1_heat_COMPLETE.json,b7e725c2306f7c781e9fc9db7f2edc509764813f11c430462ed4f455df66a142
data/revision/E1_INDEPENDENT_RAW_AUDIT.json,data/followup/D1_INDEPENDENT_RAW_AUDIT.json,effe737f4a45b747a80d879c317732b0c85a5830a7219844d7aacb4ed0f98722
data/revision/E1_INTERVAL_AUDIT.json,data/followup/D1_INTERVAL_AUDIT.json,6a60b6518b1557cc1c329230643b0b8ac35de299f03c175afe4ec550add8e650
data/revision/E2_ANALYSIS.json,data/followup/D2_ANALYSIS.json,771243c72e53f4fd5f1b7db1663f1a12da7be7a60ccf7f1598ad535549df4988
data/revision/E2_CODE_PATH_AUDIT.json,data/followup/D2_CODE_PATH_AUDIT.json,840658dcf862ee6b002342c5266ace079753616dff932059f44db828b96a1c2d
data/revision/E2_COUNT_CORRECTION.json,data/followup/D2_COUNT_CORRECTION.json,ffb15575dc04de9d0a828c1d095992a4d6f3c3e7a6d587d53eaaffcae28d137d
data/revision/E2_ENVIRONMENT_LATE_RUN.json,data/followup/D2_ENVIRONMENT_LATE_RUN.json,6906e0296fd8e666424a58bf51dc3843894fc3caba84befef65c7ba1bfec7fd5
data/revision/E2_ENVIRONMENT_MIDRUN.json,data/followup/D2_ENVIRONMENT_MIDRUN.json,57281f97f8bb222090648e6212c1e0d0afd0515d0fa1e057b69479ad60f6f707
data/revision/E2_latency_histograms.csv,data/followup/D2_latency_histograms.csv,8aec3835066961335edc970fbcd6411b52426796f1be938d932b187ee31b9765
data/revision/E2_per_seed.csv,data/followup/D2_per_seed.csv,7e67cf613f1f54fdf4b622759d5df95fc11ecc2eae1cd83af84e167aef1c866d
data/revision/E2_per_session.csv,data/followup/D2_per_session.csv,1440c2e6ad86b563d611191dfa27584fb2e90c1fa6c5cf1942791421d6992270
data/revision/E2_pooled.csv,data/followup/D2_pooled.csv,3e57cf886f5cfadd7a01805c7749c687446c20fda7dd2ffd89920583782de907
data/revision/E2_ratio_bootstrap.csv,data/followup/D2_ratio_bootstrap.csv,044aec3379f660f636203404946e34648388ab3dd1ee3fa740e97d0a7c7dfc3b
data/revision/E2_stage_profile.csv,data/followup/D2_stage_profile.csv,e5b437450d2a4f61d6bc8723df72153313d16615b20f4b45fb2d7e4e9a53ebf4
data/revision/E2_TABLE_NUMERIC_AUDIT.json,data/followup/D2_TABLE_NUMERIC_AUDIT.json,3c9ec8d43a20ace566326471fb06324d8b770523013c20c17733f1f07a2ce3a6
data/revision/E3_OBSERVER_SCOPE_AMENDMENT.json,data/followup/D3_OBSERVER_SCOPE_AMENDMENT.json,768865d64bac364becad03a68d663897999b5b29efe34274c2b9ff9fc893e63e
data/revision/E3_ONLY_TABLE_NUMERIC_AUDIT.json,data/followup/D3_ONLY_TABLE_NUMERIC_AUDIT.json,8954567eaa399cc60376ff65885b9e14733d3b2ee140d1af9c9422b0cc9f56af
data/revision/E3_TRAINING_CURVES.csv,data/followup/D3_TRAINING_CURVES.csv,f5a844d352a8ee33f5ea3d85f64a8db42b9d2fcbecb0b8bc332889e2774e3878
data/revision/E3_TRAINING_EXPORT.json,data/followup/D3_TRAINING_EXPORT.json,8e0f283813e3e72711a8b27526d67e3f00869ff9e6ea87df91f7cefd61476c48
data/revision/E3_TRAINING_SELECTION.csv,data/followup/D3_TRAINING_SELECTION.csv,cfcdf00e38a8caefda1f6c5dab764ada4cb2da22203d94b9334e5b858fce2ba0
data/revision/E4_ACTION_AGREEMENT.csv,data/followup/D4_ACTION_AGREEMENT.csv,b0a3eb28a137bfefd6257e8b603b122a6a39bb1251a44a3b4c5708a70bf995d8
data/revision/E4_EVALUATION.json,data/followup/D4_EVALUATION.json,12da1b2e67187179cc8e18bc6b754f900d62b6fb951d6ca92f88b7308e72e849
data/revision/E4_GPU_TRAINING.json,data/followup/D4_GPU_TRAINING.json,1f1106a0eb1285a6d05508116a5fcd6f067f155fce66893ad135d06f6a4c686b
data/revision/E4_gradient_record.json,data/followup/D4_gradient_record.json,300660261151aaad4b6ff2beb7140f1377d9e2743c240d86e18a1efbacf27481
data/revision/E4_selected_gradient_diagnostics.csv,data/followup/D4_selected_gradient_diagnostics.csv,c431517bb32054741209193f789036e77f37f7a2a2f55beae8706498ac849f52
data/revision/E5_EVALUATION.json,data/followup/D5_EVALUATION.json,259781ccb4af83191e604b301135224871cdbe40b7570d347a8dff3b304c5430
data/revision/E5_GPU_TRAINING.json,data/followup/D5_GPU_TRAINING.json,eaae56ee44361359befa98c8289fa7150e03fa5906a4dbbc6b1c46b68c34f10b
data/revision/E6_new_heat_cost_decomposition.csv,data/followup/NH_heat_cost_decomposition.csv,6fc99c3769390da8b3a79a37e418fdf9a882aed08384916137ac1bb907fa64ec
data/revision/E6_original_heat_cost_decomposition.csv,data/followup/SH_heat_cost_decomposition.csv,c9d28d0c553de66cb9ae202d07f030ede7fa29bdccd7c89e2a7abd1584d785e6
data/revision/E7_joint_denominator_bootstrap.csv,data/followup/joint_denominator_bootstrap.csv,4e6f9fa668a06fdc2345f1c7c016846126557cad40ef798815d0a434a376634a
data/revision/E9_B0_tuning_audit.json,data/followup/B0_tuning_audit.json,587d97db4a9e6f806330c1033bb8ac82f241853604274141acd2ce6011840c83
data/revision/P0_1_gradient_audit.json,data/followup/P0_1_gradient_audit.json,17a9c53dbaff4b7a3f2ac33a0f7ba1f2fade49f2100d53529cebb135e09a3764
data/revision/P0_1_gradient_trace.csv,data/followup/P0_1_gradient_trace.csv,323640a5b80638b69fb8a11a0cc1e8dcbfcabcb6b1dc20df555261c2179c15e6
data/revision/P0_2_runtime_repairs.json,data/followup/P0_2_runtime_repairs.json,77eac0fbc6d6411d063ea5f025bcf31fb274c642522b41f804ae384307ec6a92
data/revision/P0_3_registration_audit.json,data/followup/P0_3_registration_audit.json,85d468fe6ec4023a250a57f956e84d0c2d4bdab9bfadd293b946eca3b8b5126f
data/revision/PHASE1_SPEC.json,data/followup/PHASE1_SPEC.json,7b671a8112c9bafd9e55b21be02334458009cc2d8650b71c555a9bc87600d415
data/revision/REVISION_CHECKPOINT_RELOCATION.json,data/followup/FOLLOWUP_CHECKPOINT_RELOCATION.json,479463998cc6812a35106883fb8138c5e0cbbe6864e1dcf4281f9f92f5dd6800
data/revision/REVISION_COST_SUMMARY.csv,data/followup/FOLLOWUP_COST_SUMMARY.csv,0c2891f5b2e37451b9b9053e58d9e8a91280715977cbd24df7c2d1450bc68741
data/revision/REVISION_INTERVAL_AUDIT.json,data/followup/FOLLOWUP_INTERVAL_AUDIT.json,7dc7810c129f439b856b37cf5dec2e1d09014ae539f0158ae27ad2e62e4d6db0
data/revision/REVISION_RAW_AUDIT.json,data/followup/FOLLOWUP_RAW_AUDIT.json,ceb89b10f6ca29c9653dd61ee48416a3bd9a6158157506e044384537e64c00ed
data/revision/REVISION_RAW_OUTCOME_AUDIT.csv,data/followup/FOLLOWUP_RAW_OUTCOME_AUDIT.csv,afc5dfe68534293c627b32d6a0c80c4e85496986cfccebb18520fd69116223d6
data/revision/REVISION_SUMMARY_RECEIPT.json,data/followup/FOLLOWUP_SUMMARY_RECEIPT.json,262d96ab6b187db36c3c8b37abaa9db3cfa3d4d8f7d5fbc926a0ff3c25bf7ae4
data/revision/REVISION_TRAINING_CURVES.csv,data/followup/FOLLOWUP_TRAINING_CURVES.csv,909aac5bf11b1e4a8cc1f1dac0da6a90ff3c56bbd1eaf169e238ec3af83abf34
data/revision/REVISION_TRAINING_EXPORT.json,data/followup/FOLLOWUP_TRAINING_EXPORT.json,5547ab5eb2aa70c1fa768a2934534c8bee61664389324c59fc3802c1c62c8cc2
data/revision/REVISION_TRAINING_SELECTION.csv,data/followup/FOLLOWUP_TRAINING_SELECTION.csv,7510cf96d86f80ecc0698aaeb49e8f964d4cc683b2925758513ea26f26fdffe9
data/revision/REVISION_TRAINING_TABLE_NUMERIC_AUDIT.json,data/followup/FOLLOWUP_TRAINING_TABLE_NUMERIC_AUDIT.json,36d8604567fe2a6a7d2ab984766f1be2722ecffbeef4f224eaf73ced81766241
data/revision/STAGED_EVIDENCE.json,data/followup/STAGED_EVIDENCE.json,db3f8ac480ed07a116e52cc13ee05bb47ff2910cbca1c4020af74367154a1b93
data/revision/table_provenance.json,data/followup/table_provenance.json,d015bd68de023114a1d32e94d6bd5cbe38121f44673bee72ccfb7008a772aad1
