item,primary_v3,followup_E2,evidence_and_limit
saved rows,"120 = 2 PDE × 8 methods × 3 sessions, with seed rows for learned methods","360 = 2 PDE × 2 methods × 3 seeds × 5 K values × 2 cache states × 3 sessions",Counts read from the immutable summaries; every saved array SHA-256 was checked.
requests and warmup,"20,000 timed requests per row; 50 warmup calls","5,000 timed requests per row; 50 warmup calls",Exact values are in the run scripts and row metadata.
session/process structure,"3 sessions; one process; sequential loop","3 sessions; one script loops them sequentially",Primary summary explicitly records single_process_sequential=true; follow-up source loops session 1..3 in one script invocation, but no OS process id was retained.
P/B4 candidate/cache path,"policy_action uses the 9-point box/slew grid plus nominal action (10 candidates); plain model path","K=10 reuses the same feasible_candidates set; K={25,50,100,200} expands it; cache off/on, CachedOperator path checked against the plain model",Source code facts. The frozen K=10/cache-off pair uses the same candidate helper; primary timing did not independently sweep or label K/cache.
LQR gain cache,"_burgers_gain/_heat_gain are lru_cache(maxsize=8192)",same cache decorators and sizes in the follow-up source,"Both P/B4 paths call nominal_lqr_action. Cache lifecycle is process-local and warmups precede measurement; no per-request cache hit telemetry was recorded.
replay composition,"20,000 sample row = 12,000 nominal + 4,000 coefficient-OOD + 4,000 delay/dropout; all stored parent snapshots at 20 ticks; replacement only if pool is short","5,000 sample row = 3,000 nominal + 1,000 coefficient-OOD + 1,000 delay/dropout; permutation sampling within role pools, then row order shuffled","Sampling rules appear in each benchmark source; these are replayed snapshots, not fresh independent observations.
condition ordering,"per-session Python RNG shuffle with seed 8310+session","per-session Python RNG shuffle with seed 2026100202+session","Different source seeds and variant inventories; actual order can be regenerated from source.
recorded platform/device,"summary records device=cuda; OS/WDDM status is not in the inspected timing summary","summary records Windows WDDM and desktop applications remain open","Do not infer the primary operating system from later task context.
power plan/GPU clock,"not recorded in inspected primary timing artifacts","not recorded in inspected follow-up timing artifacts","No power-plan, locked-clock, or per-run GPU clock log was found in the timing records inspected.
driver/runtime library versions,"not recorded in inspected primary timing artifacts","not recorded in inspected follow-up timing artifacts","Imports and later environment audits do not establish exact versions active during the timing run; no retroactive attribution.
timed boundary,"host replay inputs through request prep, transfer/model or ROM scoring, return transfer, common projection and typed finite-action validation","stored observation to validated host action including selected-forecast transfer; one-time cache setup excluded","Boundary strings are recorded in primary summary and follow-up E2_TIMING.json.
profile measurement,"not applicable","stage calls separately synchronized; instrumentation changes execution","X2a uses summed disjoint instrumented stages as a fixed instrumented-stage budget, not as an exact unprofiled request duration.
